2520	3150
0.5000	608	682	1672	2298
0.5000	516	923	1874	2204
0.5000	242	1219	1287	2116
0.5000	30	720	1389	2353
-0.5000	549	1068	1599	2207
-0.5000	126	745	1529	1994
0.5000	79	758	1315	1924
-0.5000	567	921	1405	2469
0.5000	268	1208	1464	1926
0.5000	187	885	1666	2249
0.5000	257	1019	1659	2245
0.5000	297	877	1414	2165
0.5000	47	938	1324	2123
-0.5000	225	764	1536	2238
0.5000	555	942	1451	1999
-0.5000	550	685	1816	2266
-0.5000	394	693	1396	2343
-0.5000	410	1113	1371	2158
-0.5000	96	900	1711	2120
-0.5000	29	851	1466	2136
0.5000	322	900	1348	2077
-0.5000	298	1138	1791	1969
0.5000	112	1048	1279	2041
-0.5000	472	631	1522	2374
-0.5000	320	1071	1473	2200
-0.5000	525	887	1634	1894
-0.5000	432	835	1544	2382
0.5000	229	885	1299	1972
0.5000	219	944	1350	2415
-0.5000	560	761	1346	1982
0.5000	100	853	1848	2027
0.5000	25	1212	1655	2428
0.5000	170	879	1774	1927
0.5000	148	914	1311	2367
0.5000	528	715	1699	2350
0.5000	545	744	1606	2460
0.5000	65	1247	1779	1956
-0.5000	188	1107	1880	2191
0.5000	190	1175	1536	2322
-0.5000	100	999	1535	2012
-0.5000	461	1082	1300	2489
-0.5000	75	668	1499	2357
-0.5000	485	791	1499	2189
-0.5000	525	778	1336	2427
0.5000	447	1042	1411	2231
-0.5000	428	1245	1455	2364
-0.5000	306	1247	1851	2011
-0.5000	58	1230	1867	2006
0.5000	388	721	1698	2310
-0.5000	263	635	1268	1894
0.5000	473	845	1787	2141
0.5000	134	833	1870	2281
0.5000	343	953	1274	2423
0.5000	382	732	1590	1990
-0.5000	267	652	1817	2210
-0.5000	125	813	1644	2385
0.5000	180	1086	1499	2262
-0.5000	548	1012	1470	2199
-0.5000	562	971	1799	2500
-0.5000	274	872	1720	2256
-0.5000	454	1106	1556	2291
0.5000	138	797	1304	2190
0.5000	131	925	1309	2410
0.5000	271	1078	1293	2350
0.5000	77	716	1665	2515
0.5000	485	1210	1739	2212
0.5000	437	746	1379	2201
-0.5000	508	1175	1276	1939
0.5000	380	1000	1377	2215
-0.5000	157	1077	1876	1935
-0.5000	414	904	1483	2107
0.5000	273	1157	1643	2036
-0.5000	387	738	1805	2224
-0.5000	78	1205	1723	2447
-0.5000	308	793	1862	1903
-0.5000	108	988	1388	2128
0.5000	451	913	1655	1925
0.5000	560	1243	1613	2224
0.5000	37	667	1840	2273
-0.5000	610	1184	1764	2432
-0.5000	553	972	1381	2111
0.5000	62	1255	1692	2071
0.5000	262	1163	1562	2216
-0.5000	201	1230	1850	2382
0.5000	326	684	1644	2077
0.5000	401	1040	1776	2110
0.5000	381	1080	1546	2286
0.5000	192	718	1318	2069
0.5000	269	1173	1376	2142
-0.5000	312	890	1678	2243
0.5000	316	712	1524	2021
0.5000	427	976	1538	2251
-0.5000	150	928	1336	2322
-0.5000	332	1009	1767	2333
-0.5000	52	1204	1647	2109
-0.5000	606	920	1610	2014
0.5000	30	973	1648	2270
-0.5000	189	684	1267	1985
0.5000	466	765	1842	2166
-0.5000	196	868	1859	2276
-0.5000	265	1022	1551	2452
-0.5000	123	850	1435	2099
-0.5000	143	1052	1379	2061
0.5000	468	1107	1700	2090
-0.5000	594	1232	1656	2079
-0.5000	92	976	1735	1932
-0.5000	95	696	1374	2407
-0.5000	233	960	1596	2451
0.5000	290	631	1643	2202
-0.5000	423	927	1320	2380
0.5000	32	1007	1769	2247
-0.5000	365	1173	1270	2382
-0.5000	397	655	1539	1934
-0.5000	510	1129	1273	2092
-0.5000	506	674	1286	2141
-0.5000	305	666	1467	2419
-0.5000	253	684	1875	2129
-0.5000	494	847	1462	1937
0.5000	381	672	1405	2461
0.5000	503	658	1292	1899
-0.5000	564	1116	1579	2098
0.5000	380	774	1695	2142
0.5000	460	811	1591	2452
0.5000	111	1132	1560	2034
0.5000	0	987	1506	2002
-0.5000	231	943	1570	2086
-0.5000	299	1100	1436	1967
0.5000	176	760	1881	2451
-0.5000	405	669	1460	2270
0.5000	376	645	1261	2412
0.5000	201	940	1281	1925
0.5000	383	998	1696	2394
0.5000	595	732	1334	2491
-0.5000	248	954	1621	2479
0.5000	488	1163	1744	2330
-0.5000	611	988	1287	2406
0.5000	72	962	1717	2292
0.5000	580	783	1812	2381
0.5000	128	1114	1488	2244
0.5000	592	975	1684	1944
-0.5000	241	1235	1687	2082
-0.5000	462	905	1556	2293
-0.5000	395	682	1354	2326
0.5000	550	1032	1842	1955
-0.5000	414	958	1386	2258
-0.5000	445	1054	1496	2038
-0.5000	230	1118	1320	2483
-0.5000	547	1210	1312	2300
0.5000	610	934	1360	2485
-0.5000	538	901	1312	1998
-0.5000	588	670	1521	2240
-0.5000	24	1106	1417	2050
-0.5000	444	790	1578	2156
-0.5000	7	833	1457	2408
-0.5000	100	717	1418	1931
0.5000	266	1033	1506	1916
-0.5000	214	915	1479	2081
0.5000	115	634	1844	2024
0.5000	516	898	1741	2454
-0.5000	24	809	1748	2441
0.5000	40	733	1270	2150
-0.5000	334	957	1880	1905
0.5000	255	639	1414	2189
0.5000	244	1167	1362	1932
0.5000	573	1216	1382	2430
-0.5000	61	1201	1502	2226
0.5000	36	1113	1489	2111
0.5000	585	922	1663	2342
-0.5000	487	704	1588	2278
0.5000	374	668	1326	2023
-0.5000	505	854	1527	1960
0.5000	5	676	1450	2148
-0.5000	88	712	1775	2452
0.5000	621	1036	1384	2429
0.5000	220	909	1677	1963
-0.5000	35	740	1611	2166
0.5000	235	655	1828	1951
-0.5000	282	1079	1714	2262
0.5000	589	1240	1783	1954
-0.5000	275	1145	1849	2280
-0.5000	16	1055	1639	2506
0.5000	330	848	1264	2402
-0.5000	450	990	1485	2395
-0.5000	6	819	1404	2110
-0.5000	159	829	1351	2342
0.5000	288	856	1463	2184
0.5000	525	1234	1440	2114
0.5000	526	814	1548	2354
0.5000	497	676	1858	2471
-0.5000	505	1090	1353	2399
-0.5000	115	670	1428	2451
-0.5000	554	1072	1694	2519
0.5000	473	919	1827	2483
0.5000	252	935	1638	2242
0.5000	531	727	1463	2171
-0.5000	59	1209	1539	2211
0.5000	272	1016	1714	2235
-0.5000	405	1214	1667	1990
-0.5000	430	1189	1324	1940
0.5000	126	1250	1500	2153
0.5000	417	1126	1849	2140
-0.5000	478	1215	1586	2304
-0.5000	310	1103	1543	1977
0.5000	94	698	1884	2386
0.5000	451	919	1505	2316
-0.5000	517	923	1729	2048
-0.5000	34	680	1674	1993
0.5000	265	939	1807	2080
-0.5000	582	688	1725	2038
0.5000	122	667	1888	2440
0.5000	27	929	1794	2345
0.5000	236	1103	1431	1978
-0.5000	174	1209	1415	2518
-0.5000	101	742	1286	2043
0.5000	186	1014	1276	1981
0.5000	296	930	1627	2133
0.5000	250	909	1741	1972
0.5000	80	655	1831	1997
-0.5000	368	1238	1833	2336
0.5000	247	910	1379	2482
0.5000	545	698	1755	2296
-0.5000	322	862	1617	2124
-0.5000	611	940	1576	2491
0.5000	470	1098	1401	2085
0.5000	194	727	1571	1938
0.5000	105	866	1885	2507
0.5000	448	934	1267	2085
-0.5000	618	1194	1862	2048
0.5000	298	1008	1272	2061
0.5000	542	1137	1514	2424
0.5000	20	951	1572	2037
-0.5000	9	1068	1845	2327
0.5000	558	1055	1666	2466
0.5000	161	745	1604	2250
-0.5000	255	956	1634	2492
0.5000	605	904	1883	2405
-0.5000	39	1005	1368	2467
-0.5000	383	952	1649	2137
0.5000	376	1147	1772	2174
-0.5000	402	655	1502	1935
-0.5000	293	1034	1798	2032
-0.5000	578	1159	1774	2378
-0.5000	571	636	1804	2263
0.5000	134	994	1713	2504
-0.5000	142	1232	1642	2221
-0.5000	272	816	1669	1907
-0.5000	254	1107	1650	2269
0.5000	35	964	1526	2014
0.5000	178	632	1739	2438
0.5000	422	794	1505	2156
0.5000	333	1204	1395	2282
-0.5000	612	1110	1834	1981
-0.5000	481	1180	1353	2238
-0.5000	358	1017	1453	2436
0.5000	553	918	1403	2058
0.5000	255	816	1303	2246
0.5000	85	968	1856	2342
0.5000	594	1212	1558	2359
-0.5000	266	938	1474	2240
-0.5000	233	906	1330	1915
-0.5000	274	675	1722	2307
-0.5000	111	832	1670	2439
0.5000	520	1144	1859	2200
-0.5000	522	1104	1650	2312
0.5000	422	1013	1646	2368
0.5000	552	794	1814	2035
-0.5000	27	1158	1428	2089
-0.5000	361	1249	1753	2377
-0.5000	352	784	1721	1978
0.5000	159	957	1282	2004
-0.5000	453	1094	1308	2302
-0.5000	424	1214	1754	2285
0.5000	30	1092	1818	2384
-0.5000	90	1082	1263	2366
-0.5000	575	915	1777	2405
-0.5000	445	1139	1836	2039
-0.5000	200	917	1321	2287
-0.5000	367	1234	1601	1992
-0.5000	207	1244	1876	2136
-0.5000	516	747	1866	2387
0.5000	273	786	1576	2127
-0.5000	21	815	1850	2300
0.5000	108	1001	1859	1964
0.5000	150	975	1810	2298
-0.5000	531	1052	1288	2175
0.5000	228	903	1712	2517
-0.5000	383	1031	1278	2482
-0.5000	368	647	1601	2508
-0.5000	492	1117	1265	1995
-0.5000	140	884	1648	2034
0.5000	327	724	1422	1995
0.5000	116	798	1341	2033
0.5000	377	1090	1520	1996
-0.5000	554	1024	1434	2303
-0.5000	541	1026	1673	2264
0.5000	289	1182	1350	2336
0.5000	365	828	1678	2281
-0.5000	71	876	1468	1895
-0.5000	490	858	1780	2011
-0.5000	52	1136	1481	1911
0.5000	544	996	1703	2185
-0.5000	193	661	1764	2158
-0.5000	537	953	1322	2171
0.5000	533	656	1555	2215
0.5000	254	774	1268	1987
0.5000	280	823	1410	1968
-0.5000	405	1185	1421	2115
0.5000	58	973	1271	2458
0.5000	166	1243	1399	2458
-0.5000	144	1234	1541	2346
-0.5000	625	697	1343	2222
-0.5000	65	1166	1409	2316
0.5000	440	1060	1350	2513
0.5000	22	1165	1419	2191
0.5000	120	968	1743	2132
-0.5000	496	1226	1320	2174
0.5000	74	1164	1461	2218
-0.5000	63	942	1580	2040
0.5000	622	908	1805	1914
-0.5000	56	1046	1593	2154
0.5000	324	783	1341	2387
0.5000	294	1005	1863	2194
-0.5000	119	766	1881	2031
0.5000	377	1254	1799	2179
-0.5000	414	718	1525	2494
-0.5000	628	1109	1562	2069
0.5000	190	910	1874	2130
-0.5000	75	1246	1509	2010
0.5000	469	924	1280	2054
0.5000	143	653	1865	1987
0.5000	172	713	1813	1951
-0.5000	250	981	1773	2253
0.5000	94	997	1284	2217
0.5000	491	1132	1794	2315
-0.5000	79	817	1766	2188
-0.5000	410	931	1588	2402
0.5000	416	756	1487	2055
0.5000	260	902	1479	2202
0.5000	497	898	1601	2104
0.5000	509	715	1577	2360
0.5000	53	1197	1584	2248
0.5000	2	809	1817	2296
-0.5000	579	940	1426	2225
-0.5000	469	1035	1274	2290
-0.5000	570	979	1789	2093
-0.5000	42	951	1636	2072
-0.5000	490	1246	1308	2424
-0.5000	620	878	1568	2412
-0.5000	196	775	1447	2321
0.5000	320	1171	1438	1920
0.5000	126	717	1611	2413
-0.5000	335	694	1389	2033
0.5000	88	810	1786	2328
0.5000	192	977	1299	2116
-0.5000	401	1137	1393	2105
-0.5000	596	1076	1689	2088
0.5000	50	650	1499	1967
0.5000	433	1167	1398	2372
-0.5000	73	946	1372	2445
-0.5000	377	896	1416	2219
-0.5000	490	1239	1655	2308
-0.5000	487	966	1307	2493
0.5000	573	1076	1459	2247
-0.5000	361	1128	1453	2045
-0.5000	510	857	1629	2406
0.5000	76	1182	1269	1969
0.5000	123	1109	1474	2464
0.5000	57	1022	1752	2159
0.5000	577	690	1724	2169
-0.5000	297	745	1855	2143
-0.5000	352	1125	1298	2489
-0.5000	419	989	1387	2051
0.5000	95	874	1340	2457
0.5000	153	716	1427	2058
-0.5000	161	896	1348	2042
0.5000	576	749	1399	2366
0.5000	535	632	1878	1931
-0.5000	543	1235	1603	2291
0.5000	467	702	1822	2215
-0.5000	369	1222	1718	2369
0.5000	192	970	1443	1957
-0.5000	359	1130	1436	1900
-0.5000	81	639	1819	2042
-0.5000	17	739	1620	2074
0.5000	546	892	1656	2285
-0.5000	462	660	1328	1951
0.5000	154	844	1811	1937
-0.5000	41	1259	1857	2001
-0.5000	334	948	1416	2321
0.5000	78	1091	1445	2457
-0.5000	360	770	1839	1900
0.5000	157	766	1323	1935
0.5000	627	911	1300	2421
0.5000	510	688	1420	2396
0.5000	495	731	1797	2231
0.5000	86	751	1626	1919
0.5000	611	1039	1475	2070
-0.5000	136	833	1541	2407
0.5000	330	710	1746	2479
-0.5000	296	812	1831	2450
-0.5000	249	892	1802	2310
0.5000	282	1210	1639	2515
-0.5000	520	908	1619	2476
0.5000	511	738	1861	2040
0.5000	119	1219	1696	2478
0.5000	445	1179	1519	2354
-0.5000	151	1181	1692	2028
0.5000	19	747	1337	2225
0.5000	572	1183	1299	1898
0.5000	149	1241	1494	1900
0.5000	344	1164	1600	2280
-0.5000	388	722	1496	2280
0.5000	405	714	1400	2059
0.5000	353	981	1583	1913
0.5000	217	936	1506	2471
-0.5000	304	657	1488	2223
0.5000	628	700	1788	2457
0.5000	345	692	1654	2082
0.5000	156	780	1745	2084
0.5000	398	1046	1822	2318
0.5000	169	830	1365	2433
-0.5000	461	843	1489	1901
0.5000	256	640	1643	2232
-0.5000	73	891	1773	2126
-0.5000	160	1171	1410	2198
-0.5000	553	703	1270	2511
-0.5000	419	1063	1868	2282
0.5000	254	955	1747	2093
-0.5000	508	1239	1347	2325
-0.5000	370	1185	1819	2153
0.5000	51	819	1420	2487
-0.5000	153	1213	1803	2169
-0.5000	404	803	1427	1898
-0.5000	16	1166	1362	1931
-0.5000	363	1180	1516	1943
0.5000	85	1257	1510	2300
-0.5000	508	694	1291	2205
-0.5000	614	662	1566	2270
0.5000	509	1200	1429	2168
0.5000	179	736	1497	1969
0.5000	474	637	1686	2172
0.5000	410	786	1376	2216
0.5000	203	656	1599	2051
-0.5000	491	829	1721	2353
-0.5000	402	1062	1291	2025
0.5000	232	1092	1498	2319
0.5000	99	1074	1581	2208
-0.5000	214	659	1817	2428
-0.5000	55	1129	1458	2473
0.5000	172	689	1886	1941
0.5000	27	861	1411	2241
0.5000	263	824	1598	2026
0.5000	449	1023	1406	2105
0.5000	606	938	1637	2185
0.5000	139	865	1369	2059
0.5000	3	1021	1416	2194
0.5000	185	1046	1835	2031
-0.5000	503	641	1788	2440
-0.5000	627	734	1509	2484
-0.5000	123	755	1830	2511
0.5000	469	818	1852	2466
0.5000	112	730	1509	2174
0.5000	240	965	1317	2238
0.5000	55	790	1657	2017
-0.5000	287	798	1822	2364
-0.5000	526	1023	1585	2148
-0.5000	468	1106	1317	2307
-0.5000	356	773	1683	2199
-0.5000	319	1112	1564	2380
0.5000	155	1015	1685	2012
-0.5000	195	795	1795	2427
0.5000	545	692	1525	2377
0.5000	9	1119	1633	1992
0.5000	321	690	1587	2487
0.5000	167	1081	1366	1999
-0.5000	108	1201	1855	1907
-0.5000	145	1143	1637	1930
-0.5000	527	816	1667	2355
0.5000	160	1110	1285	2139
0.5000	442	854	1880	2471
-0.5000	354	1203	1569	2434
-0.5000	299	1047	1849	2216
0.5000	238	1138	1401	2089
-0.5000	134	1191	1725	2121
0.5000	370	984	1519	2289
0.5000	244	967	1450	2398
0.5000	319	874	1336	2259
-0.5000	251	906	1391	2459
-0.5000	458	871	1585	1992
0.5000	483	1199	1642	2384
-0.5000	222	839	1691	2341
0.5000	195	935	1820	2223
0.5000	485	1128	1283	2019
0.5000	43	742	1542	2293
-0.5000	264	1095	1674	2182
-0.5000	621	988	1648	2083
-0.5000	316	747	1468	2016
0.5000	10	1066	1471	2146
-0.5000	87	912	1563	2175
0.5000	139	833	1560	2496
-0.5000	98	1021	1443	2221
-0.5000	121	1185	1810	1916
0.5000	436	806	1698	1983
0.5000	300	740	1408	2426
0.5000	163	902	1426	2332
0.5000	77	820	1267	1985
0.5000	376	760	1343	2037
-0.5000	628	976	1286	2431
-0.5000	427	1088	1669	2409
-0.5000	307	630	1765	1940
-0.5000	356	740	1380	1923
-0.5000	563	1050	1571	2444
-0.5000	16	941	1740	2455
0.5000	479	1234	1418	1947
0.5000	371	889	1691	2081
0.5000	393	654	1506	2108
-0.5000	206	640	1366	1909
0.5000	140	977	1738	2107
0.5000	591	766	1272	2124
-0.5000	588	678	1641	2052
-0.5000	74	835	1587	2447
0.5000	218	1250	1311	1932
0.5000	196	763	1736	2018
-0.5000	155	1143	1265	2155
0.5000	50	709	1522	1902
-0.5000	295	1168	1714	1938
0.5000	499	1081	1641	1909
-0.5000	268	929	1448	2277
-0.5000	581	762	1548	2097
-0.5000	430	971	1408	2023
-0.5000	323	1254	1594	2080
-0.5000	563	1166	1582	2496
-0.5000	111	996	1319	2046
-0.5000	60	763	1392	2113
-0.5000	456	1241	1394	2450
-0.5000	587	1067	1829	1924
0.5000	214	802	1705	1897
0.5000	261	954	1745	1929
-0.5000	270	777	1427	2181
-0.5000	578	1127	1780	2493
0.5000	173	1034	1604	2047
0.5000	574	652	1735	1987
0.5000	437	846	1748	2165
0.5000	73	814	1710	2116
0.5000	527	1177	1531	1983
0.5000	76	743	1797	2029
-0.5000	102	1042	1793	2228
-0.5000	78	644	1318	2280
-0.5000	258	886	1447	2429
0.5000	287	741	1613	1980
0.5000	262	1150	1707	2410
0.5000	81	1074	1263	1902
-0.5000	587	864	1762	1946
-0.5000	125	781	1594	2242
0.5000	301	844	1791	2306
-0.5000	179	1021	1371	2074
-0.5000	150	1162	1793	2347
0.5000	28	746	1492	1978
0.5000	625	1010	1498	1996
-0.5000	204	759	1628	2017
0.5000	443	709	1631	1992
-0.5000	407	1095	1883	2151
0.5000	370	1111	1826	2047
-0.5000	219	728	1836	2408
0.5000	103	1015	1293	1946
0.5000	444	1197	1515	2083
-0.5000	169	1197	1609	2251
-0.5000	95	682	1473	2168
0.5000	19	1257	1608	2169
0.5000	357	744	1868	2208
0.5000	15	952	1695	2102
-0.5000	581	746	1694	2463
0.5000	465	753	1551	1982
0.5000	28	1041	1788	1897
0.5000	231	1156	1324	2370
0.5000	501	1005	1298	2470
-0.5000	339	828	1773	2320
-0.5000	389	925	1398	2396
-0.5000	352	836	1380	1896
0.5000	110	969	1740	2238
-0.5000	477	1100	1439	2509
-0.5000	149	1066	1384	2318
0.5000	582	1082	1565	2284
0.5000	269	683	1270	1968
-0.5000	3	1078	1682	2501
-0.5000	373	1147	1363	2184
-0.5000	82	1135	1649	2262
-0.5000	143	942	1349	2121
0.5000	552	1139	1387	2015
0.5000	45	1196	1290	2398
0.5000	268	646	1365	2102
-0.5000	147	925	1441	2276
-0.5000	629	1224	1348	2469
0.5000	226	1155	1570	1974
-0.5000	106	1156	1759	2027
0.5000	302	660	1359	2099
0.5000	354	698	1704	2171
-0.5000	42	698	1691	2366
-0.5000	323	673	1376	2210
-0.5000	629	649	1741	2295
-0.5000	444	1160	1491	2145
-0.5000	225	1218	1559	2092
0.5000	618	895	1639	2275
-0.5000	240	949	1635	2267
-0.5000	384	1248	1593	1985
0.5000	220	1130	1473	2265
0.5000	522	686	1354	2029
-0.5000	21	824	1372	2165
0.5000	366	712	1423	2056
-0.5000	479	1051	1402	2423
-0.5000	331	697	1514	2134
0.5000	165	1208	1315	2314
0.5000	478	861	1681	2015
0.5000	540	1207	1506	2498
0.5000	301	933	1368	2008
0.5000	435	951	1569	2357
0.5000	460	1040	1327	2442
0.5000	186	741	1287	2083
-0.5000	426	1232	1508	1930
0.5000	423	661	1850	2009
0.5000	337	1003	1426	1924
0.5000	555	828	1355	2064
0.5000	190	851	1731	2419
0.5000	248	932	1437	2285
0.5000	407	953	1331	2441
0.5000	127	854	1425	2221
0.5000	45	864	1572	1914
0.5000	331	1114	1875	2045
0.5000	136	1032	1879	2239
0.5000	299	1126	1816	2388
0.5000	31	959	1527	1942
-0.5000	458	1030	1815	2317
-0.5000	128	967	1776	2000
0.5000	599	720	1511	2384
-0.5000	4	1075	1689	1902
-0.5000	482	980	1695	1955
0.5000	31	1174	1368	1963
-0.5000	131	801	1600	2421
0.5000	451	1093	1532	2445
-0.5000	442	673	1615	2025
0.5000	4	1144	1680	1894
-0.5000	316	842	1415	2166
-0.5000	350	1169	1761	1984
-0.5000	282	1012	1456	1934
-0.5000	241	1158	1262	2237
-0.5000	69	722	1883	2379
-0.5000	619	1025	1848	2046
-0.5000	377	752	1461	2076
-0.5000	257	1228	1559	2340
-0.5000	415	1179	1310	2474
0.5000	216	1210	1567	2164
-0.5000	47	1227	1523	2032
-0.5000	162	1110	1775	2059
-0.5000	6	1112	1874	2208
-0.5000	571	921	1831	2401
0.5000	147	836	1813	2322
0.5000	420	748	1782	2239
-0.5000	97	1084	1879	2464
-0.5000	488	848	1460	2255
0.5000	471	936	1624	2041
-0.5000	227	1146	1351	2061
-0.5000	71	1198	1383	2356
0.5000	71	865	1357	2312
0.5000	599	1002	1338	2091
-0.5000	261	1135	1305	2343
0.5000	69	1207	1633	2507
-0.5000	443	1135	1324	2235
0.5000	296	903	1500	2048
-0.5000	357	894	1772	2216
0.5000	517	1140	1439	2350
0.5000	141	686	1750	2425
0.5000	416	731	1694	2493
-0.5000	390	1217	1716	2260
0.5000	285	785	1284	2160
0.5000	8	975	1288	2239
0.5000	325	660	1734	2395
0.5000	336	1056	1687	2486
-0.5000	185	1145	1344	1906
0.5000	3	939	1729	2373
0.5000	409	1028	1807	1903
-0.5000	379	769	1595	2349
-0.5000	278	735	1686	2233
0.5000	367	841	1451	2268
0.5000	392	1233	1799	2501
0.5000	334	766	1330	2155
-0.5000	322	1091	1869	2007
0.5000	540	779	1840	2384
-0.5000	220	790	1872	1961
-0.5000	84	1171	1753	2305
0.5000	336	679	1429	2149
0.5000	435	961	1493	2056
0.5000	223	699	1852	2460
0.5000	336	1201	1872	1986
0.5000	607	1238	1882	2005
0.5000	187	852	1411	2018
-0.5000	460	1063	1813	2318
-0.5000	413	843	1312	2155
-0.5000	446	893	1798	2411
0.5000	137	1255	1798	2123
-0.5000	470	1008	1502	2230
-0.5000	82	714	1397	2342
0.5000	135	1054	1793	2302
0.5000	359	674	1307	2247
0.5000	433	757	1702	2321
-0.5000	370	1200	1297	2028
0.5000	56	842	1566	2133
0.5000	44	1016	1727	2411
-0.5000	81	734	1340	2362
0.5000	517	1237	1482	2314
-0.5000	83	753	1713	1906
-0.5000	185	1222	1546	2211
-0.5000	538	872	1478	2349
0.5000	449	1085	1631	2061
-0.5000	374	1196	1430	2279
-0.5000	41	955	1855	2016
0.5000	572	927	1552	1980
0.5000	342	1014	1835	1962
0.5000	323	910	1802	2192
0.5000	107	1048	1437	2505
0.5000	106	1123	1822	2315
-0.5000	361	721	1806	2514
0.5000	64	804	1386	2182
0.5000	8	914	1809	2279
0.5000	491	1002	1562	2242
0.5000	538	1236	1530	1927
-0.5000	530	972	1443	2439
-0.5000	215	762	1534	2029
0.5000	61	964	1261	2407
0.5000	468	820	1723	1970
-0.5000	382	907	1534	2251
0.5000	11	1146	1381	2190
0.5000	177	842	1479	2352
-0.5000	380	926	1444	2415
-0.5000	595	665	1729	2119
-0.5000	575	636	1677	2348
-0.5000	339	797	1459	2474
0.5000	275	1055	1598	2133
0.5000	296	1010	1520	2037
-0.5000	26	776	1673	2256
0.5000	318	899	1286	2026
0.5000	165	1162	1279	2456
-0.5000	617	711	1721	2111
0.5000	495	787	1409	2253
0.5000	249	1159	1510	2353
0.5000	136	656	1367	2177
0.5000	548	850	1736	2146
0.5000	442	1215	1844	2007
0.5000	145	638	1383	2216
-0.5000	284	1033	1865	2083
0.5000	341	821	1690	2255
0.5000	407	905	1651	2170
-0.5000	374	919	1317	1896
-0.5000	408	1094	1632	1978
-0.5000	113	811	1693	2492
0.5000	509	664	1776	2434
-0.5000	22	1136	1865	2172
0.5000	544	897	1705	2067
-0.5000	245	1097	1884	2174
0.5000	447	871	1662	1997
-0.5000	103	1051	1752	1948
0.5000	307	1112	1393	2261
-0.5000	67	692	1465	2013
-0.5000	187	770	1853	2135
0.5000	412	967	1754	2405
0.5000	208	1058	1413	2218
-0.5000	306	645	1319	2104
0.5000	457	1128	1398	2313
-0.5000	241	824	1692	2274
-0.5000	521	1039	1814	1944
0.5000	264	904	1677	1940
0.5000	529	659	1560	1908
-0.5000	440	1210	1306	2448
0.5000	378	1174	1431	2415
0.5000	539	1107	1649	1911
0.5000	420	1250	1310	2393
0.5000	488	646	1624	2358
0.5000	143	748	1875	1991
0.5000	473	953	1464	2106
-0.5000	421	1122	1628	1939
0.5000	103	1051	1528	1929
-0.5000	133	877	1490	2343
0.5000	174	1127	1750	2213
-0.5000	37	974	1711	2369
-0.5000	11	1013	1615	2401
-0.5000	218	890	1271	2327
-0.5000	402	694	1385	2390
-0.5000	315	819	1629	2042
0.5000	40	847	1659	1928
0.5000	385	669	1439	2294
0.5000	578	1187	1860	1970
-0.5000	172	839	1480	2374
-0.5000	5	666	1326	2341
0.5000	345	1070	1501	2401
-0.5000	452	864	1674	2459
0.5000	430	1025	1654	1912
-0.5000	114	739	1602	2153
0.5000	159	637	1498	2122
0.5000	14	1002	1854	1958
0.5000	502	947	1456	1926
0.5000	514	1242	1610	2242
0.5000	327	946	1266	1993
0.5000	351	804	1603	2194
0.5000	220	836	1477	2355
0.5000	120	1170	1457	2148
-0.5000	611	1024	1577	2117
0.5000	21	634	1395	2452
-0.5000	386	1154	1807	2231
0.5000	431	1111	1452	2189
0.5000	489	1237	1269	1895
0.5000	326	1170	1385	2055
-0.5000	114	1160	1275	2210
0.5000	382	1221	1602	1905
-0.5000	90	810	1829	1995
0.5000	236	939	1756	2451
0.5000	445	889	1390	2140
-0.5000	53	1009	1404	2443
0.5000	404	782	1428	1934
0.5000	477	889	1735	1914
0.5000	282	983	1870	2014
0.5000	578	937	1615	2044
-0.5000	200	873	1755	2383
-0.5000	547	1097	1591	2443
0.5000	594	718	1854	2137
0.5000	287	1254	1439	2265
0.5000	416	858	1375	2072
-0.5000	116	791	1342	2071
-0.5000	318	795	1792	1904
0.5000	156	699	1847	1908
-0.5000	200	1056	1747	2010
0.5000	476	872	1370	2232
-0.5000	251	637	1389	2164
-0.5000	428	1116	1343	2325
0.5000	521	662	1650	2025
-0.5000	412	916	1579	2118
0.5000	14	1059	1393	2122
-0.5000	575	974	1852	2466
0.5000	509	945	1316	2478
0.5000	441	736	1488	2366
0.5000	590	1081	1616	2219
0.5000	185	918	1610	1937
-0.5000	100	768	1618	2303
0.5000	563	1188	1609	2365
-0.5000	126	960	1268	2195
0.5000	153	1069	1526	2393
-0.5000	524	716	1750	2505
0.5000	281	706	1446	2263
-0.5000	533	857	1825	2141
0.5000	527	711	1448	2472
0.5000	50	1213	1469	2371
0.5000	271	1220	1461	2400
0.5000	375	943	1826	2004
-0.5000	0	777	1615	2352
-0.5000	81	926	1593	2048
-0.5000	146	1176	1740	2463
-0.5000	242	753	1790	2422
-0.5000	229	892	1478	2507
-0.5000	211	1074	1484	2130
0.5000	329	980	1620	2266
-0.5000	310	960	1611	2261
-0.5000	203	1083	1305	2224
0.5000	158	1198	1541	2102
-0.5000	433	780	1870	2257
-0.5000	508	1141	1405	2370
0.5000	140	1084	1310	2219
0.5000	218	747	1671	1957
0.5000	73	1109	1505	1899
-0.5000	285	1173	1536	2294
0.5000	291	654	1402	1996
0.5000	80	983	1683	2168
0.5000	516	707	1335	2464
-0.5000	113	928	1633	2351
0.5000	260	1067	1428	2383
-0.5000	255	862	1337	2333
0.5000	163	651	1756	2181
-0.5000	69	873	1848	2515
0.5000	175	956	1260	2149
-0.5000	148	941	1489	1922
-0.5000	532	1104	1762	2201
-0.5000	245	752	1783	1916
-0.5000	49	1153	1630	2163
0.5000	522	792	1533	2194
0.5000	382	1059	1641	2351
0.5000	269	711	1881	1944
-0.5000	341	676	1515	2347
-0.5000	64	655	1672	2064
-0.5000	167	1001	1464	2455
-0.5000	330	906	1734	2016
0.5000	434	913	1565	2241
-0.5000	23	705	1313	1956
0.5000	355	666	1725	2376
-0.5000	337	845	1888	2309
-0.5000	266	1134	1369	1973
0.5000	596	1006	1418	2364
0.5000	464	718	1300	2309
0.5000	485	904	1621	2152
0.5000	340	1098	1680	2352
-0.5000	543	958	1465	2252
-0.5000	590	699	1344	2431
0.5000	210	1120	1382	2516
0.5000	318	802	1689	2324
-0.5000	421	852	1787	1957
-0.5000	344	885	1422	2234
-0.5000	92	826	1714	2208
-0.5000	162	856	1421	2503
0.5000	629	793	1621	2170
0.5000	543	849	1708	2467
-0.5000	447	638	1491	1988
-0.5000	220	1045	1759	2427
-0.5000	473	633	1413	2381
-0.5000	163	861	1530	2196
-0.5000	586	831	1762	2435
-0.5000	460	761	1446	1901
0.5000	298	1156	1829	1979
0.5000	136	737	1623	2198
0.5000	398	1064	1290	2518
0.5000	363	1142	1837	2185
-0.5000	606	924	1535	2011
-0.5000	18	726	1887	2314
0.5000	424	631	1526	2278
0.5000	252	1042	1774	2300
0.5000	547	1217	1815	2193
0.5000	603	799	1431	2049
0.5000	364	715	1461	2440
-0.5000	83	882	1623	2362
-0.5000	424	1044	1581	1959
0.5000	187	1067	1679	1908
0.5000	67	895	1697	2519
-0.5000	584	753	1274	1987
0.5000	283	1177	1669	2400
-0.5000	410	826	1818	2058
-0.5000	231	888	1659	2118
0.5000	574	1013	1359	2220
-0.5000	277	932	1851	2439
0.5000	280	1248	1679	2023
-0.5000	176	893	1540	2052
0.5000	593	686	1568	1947
0.5000	536	1102	1548	2193
-0.5000	453	767	1672	2476
0.5000	95	742	1462	1936
-0.5000	307	631	1816	2499
0.5000	29	1151	1400	2359
0.5000	436	721	1533	2049
-0.5000	464	839	1503	2408
-0.5000	457	1096	1266	2067
-0.5000	600	1060	1363	2192
0.5000	452	1141	1440	1890
-0.5000	540	725	1315	2481
-0.5000	197	923	1560	1947
0.5000	528	1188	1622	1928
-0.5000	519	1215	1738	2419
-0.5000	552	666	1850	2179
-0.5000	497	1093	1398	2008
-0.5000	623	888	1445	2047
-0.5000	403	854	1356	2322
-0.5000	357	791	1403	2237
0.5000	188	892	1405	2362
-0.5000	14	852	1568	2470
0.5000	293	687	1755	2196
0.5000	61	869	1612	1912
0.5000	353	1186	1395	2424
0.5000	394	675	1503	2145
-0.5000	15	1030	1561	2466
-0.5000	253	1225	1530	2365
0.5000	381	1021	1617	1993
0.5000	453	1068	1756	2038
-0.5000	301	687	1422	2510
0.5000	540	757	1495	2444
-0.5000	306	815	1529	2303
-0.5000	362	932	1853	2058
0.5000	182	1043	1806	2169
0.5000	23	1015	1763	2304
-0.5000	532	1039	1303	2206
-0.5000	573	884	1357	2393
0.5000	271	736	1619	2363
0.5000	13	1047	1838	2170
0.5000	440	1068	1803	2032
0.5000	557	832	1770	2229
0.5000	422	1197	1860	2080
-0.5000	9	671	1380	2447
0.5000	222	994	1522	2288
-0.5000	318	789	1557	2374
0.5000	15	1228	1663	2117
0.5000	431	671	1294	2413
-0.5000	625	1188	1735	2486
-0.5000	311	1057	1732	1941
-0.5000	111	867	1858	2413
-0.5000	389	1148	1691	2258
-0.5000	619	656	1305	2054
-0.5000	481	1004	1682	2201
-0.5000	71	633	1511	2039
-0.5000	345	1006	1550	1915
-0.5000	351	1064	1675	2248
-0.5000	578	1058	1472	2512
-0.5000	32	739	1733	2431
0.5000	570	837	1551	2165
-0.5000	268	851	1527	2214
-0.5000	397	1211	1714	2341
-0.5000	294	1252	1682	2421
-0.5000	114	717	1613	2192
0.5000	140	1083	1376	1960
0.5000	381	1248	1810	1934
-0.5000	593	1141	1802	2043
0.5000	43	1160	1323	1943
-0.5000	304	1133	1593	1988
0.5000	502	1078	1481	2305
0.5000	490	1065	1302	2147
-0.5000	57	1051	1817	2108
-0.5000	99	883	1406	1965
-0.5000	480	642	1456	2324
-0.5000	571	801	1753	2024
-0.5000	511	901	1652	2440
0.5000	230	1053	1874	2096
0.5000	113	1012	1716	2335
0.5000	171	848	1412	2173
0.5000	91	1033	1386	2357
-0.5000	557	921	1753	2193
-0.5000	369	796	1386	2212
0.5000	371	1029	1578	2150
-0.5000	579	973	1407	2017
0.5000	165	1018	1667	1895
0.5000	34	1132	1451	2073
0.5000	388	922	1476	2207
-0.5000	85	1101	1516	2146
0.5000	303	691	1684	2414
0.5000	461	1220	1778	2018
0.5000	177	789	1787	2046
-0.5000	280	1131	1721	2079
-0.5000	416	966	1779	1954
-0.5000	589	1250	1790	2213
-0.5000	56	991	1663	1933
0.5000	496	729	1800	2020
-0.5000	455	772	1664	2172
0.5000	27	818	1349	2276
0.5000	427	667	1574	2291
0.5000	319	804	1687	2076
0.5000	605	691	1350	2286
0.5000	288	1158	1387	2036
0.5000	172	735	1836	2239
-0.5000	210	715	1724	2113
0.5000	93	1007	1607	2269
-0.5000	243	634	1727	2139
0.5000	452	983	1401	1977
-0.5000	88	664	1373	2109
0.5000	283	802	1455	2391
-0.5000	146	986	1351	2160
0.5000	396	1204	1502	1913
-0.5000	557	962	1800	2371
0.5000	32	982	1347	1935
0.5000	188	963	1800	2329
-0.5000	186	813	1449	2463
-0.5000	9	883	1474	2002
-0.5000	246	805	1702	2453
-0.5000	493	1034	1502	2258
0.5000	293	846	1427	1954
-0.5000	65	703	1512	2062
0.5000	624	1142	1586	1991
0.5000	458	713	1674	2097
-0.5000	286	1053	1432	2351
-0.5000	389	849	1524	2386
0.5000	512	757	1807	2319
-0.5000	132	855	1686	2281
-0.5000	494	1113	1603	2166
-0.5000	121	700	1537	2090
-0.5000	211	1202	1680	2489
-0.5000	242	1222	1423	2286
-0.5000	16	1071	1857	2156
-0.5000	207	1184	1763	1895
-0.5000	471	992	1424	2486
0.5000	520	999	1755	1936
0.5000	137	1186	1883	2309
0.5000	339	974	1282	1943
0.5000	549	1158	1469	1913
0.5000	432	737	1618	2363
-0.5000	18	771	1580	2044
-0.5000	119	807	1561	2243
-0.5000	321	949	1487	2302
0.5000	285	705	1455	2271
0.5000	627	872	1563	2488
0.5000	69	817	1842	2196
-0.5000	132	744	1688	2485
0.5000	516	1086	1855	2019
0.5000	102	639	1474	2068
0.5000	538	1041	1697	2191
-0.5000	365	964	1426	2182
-0.5000	357	1172	1584	2226
0.5000	80	1155	1289	1949
0.5000	568	833	1321	2415
0.5000	394	844	1830	2258
0.5000	288	788	1260	2443
-0.5000	456	797	1830	2453
-0.5000	348	720	1697	2373
0.5000	149	1086	1822	2163
0.5000	21	999	1570	2439
-0.5000	96	1255	1590	2265
0.5000	501	958	1345	2007
0.5000	346	816	1597	2295
-0.5000	495	668	1412	2424
0.5000	307	795	1549	1986
-0.5000	262	837	1395	1926
-0.5000	264	751	1763	2232
-0.5000	227	653	1592	2300
-0.5000	602	1087	1631	2148
0.5000	45	1077	1370	2073
-0.5000	451	735	1437	2151
0.5000	82	941	1304	1926
-0.5000	309	902	1685	2186
0.5000	360	899	1285	2147
0.5000	83	1219	1371	2414
0.5000	252	911	1637	2492
-0.5000	156	832	1307	2273
0.5000	181	1236	1869	2233
-0.5000	283	775	1430	2418
0.5000	274	1216	1886	2332
0.5000	506	815	1280	2233
-0.5000	574	1173	1818	2400
0.5000	193	876	1543	2353
-0.5000	577	1150	1665	1930
0.5000	212	773	1584	2500
-0.5000	32	897	1282	2425
0.5000	207	741	1435	2392
-0.5000	302	755	1811	2088
0.5000	392	1231	1702	2074
-0.5000	593	1162	1678	2283
0.5000	398	723	1573	2226
-0.5000	565	1135	1378	2330
-0.5000	183	1191	1262	2500
-0.5000	293	699	1743	2399
-0.5000	235	1043	1346	2202
0.5000	572	1037	1667	1953
-0.5000	328	923	1394	2119
-0.5000	442	849	1261	2187
0.5000	3	1088	1564	2190
-0.5000	234	852	1843	2446
-0.5000	124	1018	1604	2114
-0.5000	536	779	1359	2097
0.5000	7	708	1695	2188
-0.5000	24	1111	1801	2284
0.5000	232	657	1644	2351
-0.5000	423	695	1688	2275
-0.5000	429	724	1402	1980
0.5000	446	714	1497	1897
-0.5000	11	1192	1813	2238
0.5000	49	683	1746	1959
0.5000	180	677	1469	2256
0.5000	36	868	1771	2346
0.5000	7	880	1612	2098
-0.5000	110	1204	1879	1996
0.5000	325	820	1797	2481
-0.5000	528	1247	1573	2384
-0.5000	65	861	1656	2407
-0.5000	126	946	1510	2392
0.5000	281	1159	1334	1958
0.5000	125	1234	1877	2385
-0.5000	153	1216	1269	1993
0.5000	125	886	1297	2079
0.5000	263	1028	1736	2052
-0.5000	407	799	1658	1924
0.5000	593	1145	1735	1975
-0.5000	81	1111	1262	2390
0.5000	436	1029	1540	2057
-0.5000	566	1129	1595	2196
0.5000	195	1242	1460	2015
0.5000	197	859	1770	2376
-0.5000	299	900	1432	2212
-0.5000	505	995	1874	2151
0.5000	11	1055	1617	2160
0.5000	101	1229	1477	2154
0.5000	551	987	1670	2260
-0.5000	182	1104	1712	2308
-0.5000	315	1079	1400	2295
-0.5000	237	773	1773	2267
0.5000	369	1077	1272	2443
-0.5000	313	861	1329	2167
-0.5000	247	1161	1708	2383
0.5000	205	1190	1368	2009
0.5000	206	901	1446	1917
0.5000	586	898	1261	2397
0.5000	36	939	1565	2335
0.5000	115	1151	1428	1933
-0.5000	363	991	1314	2286
-0.5000	51	840	1605	2478
0.5000	439	709	1691	2474
0.5000	117	1040	1582	2273
0.5000	396	907	1631	1945
0.5000	513	987	1333	2005
-0.5000	308	779	1629	1972
-0.5000	555	1175	1828	2175
-0.5000	520	644	1845	2343
-0.5000	590	762	1519	2003
0.5000	523	939	1466	2335
-0.5000	473	797	1372	2283
0.5000	12	793	1577	1991
-0.5000	17	841	1400	2210
-0.5000	574	811	1397	2086
-0.5000	569	1026	1864	2030
-0.5000	450	749	1308	2447
-0.5000	562	1006	1378	2235
-0.5000	510	1081	1707	2438
0.5000	198	970	1432	2456
0.5000	209	1220	1451	2423
0.5000	202	812	1264	2282
0.5000	189	710	1797	2000
0.5000	154	1226	1607	1969
-0.5000	136	950	1744	2514
-0.5000	154	855	1706	2351
-0.5000	56	648	1604	1900
0.5000	464	1042	1370	2420
-0.5000	402	862	1854	2203
-0.5000	258	869	1841	2390
0.5000	416	951	1704	2157
0.5000	609	1200	1397	2320
0.5000	281	769	1327	1891
0.5000	567	1044	1717	1984
-0.5000	479	808	1873	1948
0.5000	102	1032	1733	1933
-0.5000	106	1057	1605	2475
0.5000	629	1027	1889	2311
0.5000	343	662	1806	2090
-0.5000	316	1189	1326	2487
-0.5000	539	908	1843	2054
0.5000	434	1082	1637	1974
0.5000	603	972	1589	2227
0.5000	606	1199	1833	2416
-0.5000	183	1060	1671	2348
-0.5000	130	990	1521	2395
-0.5000	607	1070	1661	2369
-0.5000	613	932	1470	1906
-0.5000	87	674	1531	2063
-0.5000	328	822	1781	2078
-0.5000	277	895	1877	2142
-0.5000	63	765	1598	2030
0.5000	131	1029	1494	2495
-0.5000	171	1157	1456	2214
0.5000	498	659	1832	2482
-0.5000	626	961	1449	2394
-0.5000	310	1015	1419	1994
-0.5000	387	912	1283	2371
0.5000	576	1209	1309	2183
-0.5000	86	895	1661	2494
-0.5000	591	1127	1746	2027
0.5000	617	994	1325	2051
0.5000	496	1242	1618	2352
-0.5000	50	735	1281	2127
-0.5000	532	1194	1332	2299
-0.5000	475	818	1277	2345
0.5000	356	696	1309	2179
-0.5000	180	904	1640	2372
0.5000	273	863	1720	2101
0.5000	94	695	1600	2231
-0.5000	595	831	1760	2446
-0.5000	73	1081	1457	2055
-0.5000	25	782	1290	2043
-0.5000	429	1169	1610	2178
-0.5000	323	1255	1820	2442
0.5000	79	937	1682	2500
-0.5000	328	1222	1837	2508
-0.5000	24	716	1447	2272
-0.5000	517	963	1521	2461
0.5000	601	825	1763	2201
-0.5000	393	1177	1665	2249
0.5000	399	1246	1632	2434
0.5000	501	663	1871	1998
0.5000	600	986	1462	2416
0.5000	59	1186	1307	2244
0.5000	211	1087	1458	1963
-0.5000	532	1153	1836	2177
-0.5000	211	991	1770	2193
-0.5000	284	1136	1567	1929
-0.5000	609	966	1866	2499
0.5000	539	911	1569	2273
0.5000	598	788	1528	1921
-0.5000	537	1125	1622	2425
0.5000	203	1079	1543	2115
-0.5000	57	1159	1319	2279
0.5000	22	721	1481	2080
-0.5000	453	853	1785	2301
0.5000	283	744	1420	2356
-0.5000	248	1178	1323	2359
-0.5000	271	793	1551	2469
-0.5000	334	1021	1746	2087
-0.5000	195	867	1662	2475
-0.5000	341	1060	1734	2293
0.5000	593	646	1362	2443
-0.5000	104	1069	1748	2406
-0.5000	302	1227	1332	2039
0.5000	561	765	1472	2032
0.5000	364	878	1468	2213
-0.5000	420	810	1432	1894
-0.5000	162	1115	1700	2245
-0.5000	289	1203	1766	2191
-0.5000	487	1149	1591	1987
0.5000	373	778	1710	2280
0.5000	270	643	1287	2495
0.5000	270	856	1747	2309
0.5000	550	1156	1809	2022
-0.5000	581	801	1510	2084
0.5000	340	982	1808	1894
-0.5000	259	764	1678	2110
0.5000	604	1160	1820	2210
-0.5000	617	650	1864	1989
0.5000	512	1006	1724	1906
-0.5000	192	921	1659	2497
-0.5000	425	651	1451	1933
0.5000	227	761	1827	1927
0.5000	597	1012	1819	1918
0.5000	189	640	1261	2055
0.5000	22	978	1388	1969
-0.5000	360	993	1748	2340
0.5000	215	988	1533	1956
-0.5000	595	630	1362	2114
-0.5000	366	1247	1407	2096
-0.5000	295	815	1452	2243
0.5000	68	1118	1726	1963
-0.5000	130	846	1701	2449
0.5000	182	993	1760	1947
-0.5000	480	630	1478	2481
0.5000	117	805	1843	2041
-0.5000	98	642	1632	1976
-0.5000	368	645	1772	2473
-0.5000	104	929	1509	2287
0.5000	337	1016	1635	2127
-0.5000	481	1225	1296	2513
0.5000	147	970	1318	1918
-0.5000	219	663	1373	2350
-0.5000	133	794	1666	2489
0.5000	241	1101	1644	2079
-0.5000	212	674	1600	2022
-0.5000	504	990	1887	1965
-0.5000	305	961	1333	2359
-0.5000	214	907	1815	1899
-0.5000	493	636	1801	2228
0.5000	8	1242	1448	1949
-0.5000	375	945	1417	1992
0.5000	158	948	1363	1908
0.5000	508	990	1382	2152
-0.5000	274	691	1531	1933
0.5000	236	1092	1821	2154
0.5000	228	823	1784	1988
-0.5000	250	1217	1392	2470
0.5000	493	647	1264	2248
-0.5000	96	1172	1322	2437
-0.5000	216	1124	1578	2057
0.5000	316	782	1578	2464
-0.5000	156	761	1876	2000
-0.5000	85	1051	1689	2248
-0.5000	85	1205	1279	1947
0.5000	474	709	1278	2190
0.5000	534	760	1402	2067
-0.5000	116	757	1872	2171
0.5000	92	779	1275	2445
0.5000	513	1002	1516	2484
-0.5000	7	712	1553	2509
0.5000	216	1076	1385	2204
0.5000	209	799	1765	1984
0.5000	409	859	1836	1975
-0.5000	385	650	1458	1943
0.5000	105	1172	1880	2026
-0.5000	614	1217	1757	2264
-0.5000	494	838	1808	2271
-0.5000	533	1245	1601	2392
0.5000	565	808	1319	2396
-0.5000	564	980	1302	2359
-0.5000	431	1252	1772	1929
-0.5000	328	1125	1429	2445
-0.5000	239	667	1517	2308
-0.5000	25	1108	1857	2509
-0.5000	239	838	1694	2178
0.5000	202	966	1658	2152
-0.5000	72	1202	1322	2119
0.5000	291	787	1817	2449
0.5000	115	1084	1424	2379
0.5000	291	1094	1331	2129
0.5000	393	787	1383	2105
-0.5000	87	884	1628	2511
-0.5000	35	959	1507	2420
-0.5000	480	845	1408	2336
-0.5000	251	933	1500	2213
0.5000	379	896	1318	2299
-0.5000	130	1004	1628	2423
-0.5000	478	713	1361	1893
0.5000	599	1003	1812	2246
0.5000	487	834	1477	2451
0.5000	397	1229	1849	2453
-0.5000	476	969	1483	2015
-0.5000	329	1150	1468	2218
0.5000	450	1053	1636	1919
0.5000	419	730	1588	2247
-0.5000	33	769	1357	2097
-0.5000	386	1079	1654	2131
0.5000	530	737	1504	2036
-0.5000	513	733	1422	2415
0.5000	52	1041	1766	2270
-0.5000	298	925	1589	2198
-0.5000	343	680	1340	2070
-0.5000	54	1193	1782	2457
-0.5000	477	870	1482	1958
0.5000	145	786	1820	2306
0.5000	33	1152	1333	2142
0.5000	320	762	1663	2386
-0.5000	302	658	1555	2012
-0.5000	209	642	1827	2338
-0.5000	194	898	1301	2266
-0.5000	151	876	1774	2143
-0.5000	199	911	1702	1896
0.5000	105	1011	1818	2402
0.5000	23	1016	1299	2497
-0.5000	346	776	1584	2257
0.5000	558	651	1778	2221
-0.5000	21	791	1373	2301
-0.5000	411	766	1759	2336
-0.5000	230	1049	1587	2227
-0.5000	620	826	1875	1979
-0.5000	365	1171	1344	2413
0.5000	557	647	1599	2153
0.5000	584	1212	1412	2368
0.5000	238	1165	1766	2493
-0.5000	387	648	1859	1915
0.5000	174	912	1465	2240
-0.5000	515	1117	1657	1967
-0.5000	257	824	1765	1928
-0.5000	314	1041	1391	2328
-0.5000	280	749	1796	2058
0.5000	236	1143	1346	2036
-0.5000	43	999	1847	2372
0.5000	623	1244	1655	2128
0.5000	598	759	1546	2056
-0.5000	208	1183	1639	1966
-0.5000	600	996	1676	2163
-0.5000	556	1186	1715	2020
0.5000	240	1201	1338	2118
-0.5000	492	970	1352	1971
-0.5000	70	1083	1603	1954
0.5000	256	927	1795	2311
-0.5000	231	1072	1745	2310
-0.5000	598	878	1484	2148
0.5000	542	1246	1633	2447
0.5000	239	1105	1532	2102
-0.5000	221	973	1342	2086
-0.5000	167	1235	1668	2362
0.5000	67	818	1780	2266
0.5000	254	868	1312	2125
-0.5000	455	1019	1769	2373
-0.5000	568	971	1570	2278
-0.5000	286	875	1669	1929
-0.5000	152	1182	1731	2241
-0.5000	338	871	1866	2439
0.5000	546	738	1508	1961
0.5000	415	882	1487	2249
-0.5000	491	1005	1557	2126
0.5000	492	800	1647	1912
-0.5000	60	706	1694	1974
-0.5000	336	1091	1746	2403
-0.5000	544	1237	1579	1921
-0.5000	569	1038	1862	2363
-0.5000	173	908	1871	2068
0.5000	366	1153	1681	2507
-0.5000	569	1117	1658	2281
0.5000	463	1199	1504	2083
-0.5000	50	1149	1450	1920
0.5000	597	683	1435	2056
-0.5000	421	1059	1294	2427
-0.5000	587	1075	1819	2120
-0.5000	288	1126	1649	2220
-0.5000	300	751	1697	2420
0.5000	589	1091	1754	2418
0.5000	51	681	1315	1986
-0.5000	354	734	1645	1912
-0.5000	613	703	1835	2356
0.5000	489	1202	1618	2254
0.5000	35	1187	1296	2188
0.5000	116	1080	1423	2062
0.5000	179	1138	1297	2420
0.5000	398	656	1605	2167
0.5000	401	1154	1416	2511
-0.5000	347	845	1289	2460
0.5000	202	1198	1796	2294
-0.5000	454	1056	1496	2348
-0.5000	266	687	1761	2446
-0.5000	627	707	1349	2346
-0.5000	525	799	1677	2444
-0.5000	246	676	1602	2141
-0.5000	605	789	1381	2100
0.5000	208	725	1841	2348
0.5000	43	1159	1553	2444
-0.5000	193	784	1267	2252
-0.5000	242	899	1460	2380
0.5000	247	991	1485	2409
-0.5000	591	757	1394	2113
0.5000	386	750	1425	1915
-0.5000	626	947	1497	2150
0.5000	514	1225	1426	2339
-0.5000	12	1214	1754	2067
-0.5000	97	751	1827	2408
-0.5000	223	1129	1587	2264
-0.5000	518	681	1302	2486
-0.5000	613	891	1545	2186
0.5000	354	756	1445	1942
-0.5000	234	1178	1366	2005
0.5000	585	1026	1512	2450
0.5000	607	1075	1296	1999
-0.5000	542	730	1866	1962
0.5000	13	930	1417	2514
-0.5000	142	1204	1676	2161
0.5000	488	783	1559	2031
0.5000	603	673	1609	2236
-0.5000	610	917	1808	1923
-0.5000	286	1092	1273	1937
0.5000	4	695	1801	2075
0.5000	168	1077	1592	2461
0.5000	97	1135	1311	2333
-0.5000	70	1090	1690	2157
-0.5000	314	825	1350	2117
-0.5000	160	1154	1408	2144
0.5000	104	806	1802	2320
0.5000	0	1253	1367	2217
0.5000	438	910	1757	2031
-0.5000	503	1127	1516	2378
0.5000	162	1102	1702	1927
0.5000	198	665	1485	2474
0.5000	191	948	1378	2244
-0.5000	48	929	1689	1976
-0.5000	241	995	1542	2103
-0.5000	76	1028	1398	2246
-0.5000	467	1012	1384	2197
-0.5000	190	669	1384	2409
-0.5000	9	880	1527	1901
-0.5000	417	1009	1854	2517
0.5000	551	661	1832	2459
0.5000	177	721	1812	2045
-0.5000	199	828	1736	2515
0.5000	519	1178	1369	2204
0.5000	184	689	1738	1932
0.5000	29	881	1449	1932
-0.5000	486	1206	1293	2274
0.5000	118	1203	1824	2247
0.5000	585	856	1477	2057
-0.5000	176	689	1495	2004
-0.5000	129	891	1414	2236
-0.5000	123	874	1834	1976
-0.5000	96	995	1336	2346
0.5000	590	926	1870	2379
-0.5000	340	1155	1706	2398
0.5000	616	1174	1567	2227
0.5000	127	796	1728	1976
-0.5000	573	933	1455	2134
0.5000	157	774	1541	1952
0.5000	124	748	1326	2272
-0.5000	616	726	1700	2475
0.5000	368	675	1354	2386
-0.5000	345	701	1583	2214
0.5000	584	883	1879	2094
0.5000	459	1243	1706	2425
0.5000	138	1083	1298	2199
0.5000	10	1228	1699	2331
0.5000	380	729	1581	2481
0.5000	229	817	1339	1892
-0.5000	37	750	1442	2332
-0.5000	497	940	1413	1946
0.5000	168	826	1311	2454
-0.5000	83	840	1531	1983
0.5000	512	767	1620	2053
-0.5000	458	1116	1389	2376
-0.5000	566	1058	1407	1957
0.5000	144	1174	1503	2115
-0.5000	72	678	1301	1972
0.5000	295	1044	1386	1961
0.5000	243	924	1748	2209
-0.5000	98	725	1352	2340
0.5000	119	1071	1470	2120
0.5000	360	742	1444	2060
0.5000	289	1230	1683	2167
0.5000	583	873	1519	2455
-0.5000	274	758	1824	2222
-0.5000	155	795	1716	2363
0.5000	367	1140	1634	2480
-0.5000	596	726	1364	1946
0.5000	344	916	1471	2176
0.5000	375	763	1361	2278
-0.5000	138	829	1616	2461
-0.5000	224	634	1612	2279
0.5000	412	785	1268	2144
-0.5000	385	746	1711	2111
-0.5000	22	1132	1587	2358
0.5000	538	1167	1832	2257
-0.5000	302	1220	1717	1998
-0.5000	364	1170	1700	2305
-0.5000	624	825	1494	2412
-0.5000	291	963	1357	2394
-0.5000	6	771	1627	2050
0.5000	597	1064	1703	2197
-0.5000	256	1245	1793	2092
0.5000	330	705	1328	2477
0.5000	132	684	1701	2203
0.5000	395	642	1878	2381
0.5000	315	1102	1722	2051
0.5000	487	1221	1825	2001
0.5000	325	1144	1863	2076
0.5000	443	837	1595	2106
0.5000	253	853	1664	2332
-0.5000	415	784	1775	2355
0.5000	448	1020	1415	2126
-0.5000	46	1011	1596	2306
0.5000	561	1122	1862	2069
-0.5000	585	863	1622	2483
0.5000	273	1151	1683	2271
-0.5000	289	859	1333	2139
-0.5000	120	1116	1622	2092
-0.5000	104	805	1459	2502
-0.5000	110	878	1549	2251
-0.5000	344	775	1281	2195
-0.5000	373	914	1372	2127
0.5000	467	981	1336	2491
0.5000	63	663	1592	2437
-0.5000	518	1100	1440	2412
0.5000	383	888	1889	2133
0.5000	202	707	1280	1989
0.5000	602	995	1362	2462
0.5000	414	738	1547	2022
0.5000	559	1241	1442	2417
-0.5000	391	1071	1429	1938
-0.5000	532	1156	1293	2137
-0.5000	605	743	1635	2370
-0.5000	395	640	1554	1909
0.5000	598	950	1785	2013
-0.5000	260	827	1881	1962
-0.5000	583	783	1453	2031
0.5000	20	703	1316	1959
0.5000	427	1067	1717	2288
0.5000	470	1060	1272	2188
-0.5000	620	1043	1329	2080
0.5000	33	1017	1851	1907
-0.5000	443	949	1501	1965
-0.5000	332	991	1885	2299
0.5000	560	715	1377	2345
-0.5000	500	1034	1277	2317
0.5000	133	1139	1373	2050
0.5000	476	972	1523	2478
-0.5000	396	692	1814	1904
-0.5000	537	1020	1570	2096
0.5000	547	1008	1378	2298
-0.5000	232	947	1409	2294
0.5000	304	730	1366	2507
-0.5000	417	1031	1841	2344
-0.5000	0	945	1550	2408
0.5000	612	731	1888	2003
0.5000	199	1087	1263	2469
-0.5000	38	796	1720	2405
-0.5000	507	775	1567	2290
-0.5000	607	778	1665	2370
-0.5000	498	1218	1794	2367
0.5000	261	873	1507	2517
0.5000	573	834	1511	2344
-0.5000	464	1075	1873	2264
0.5000	58	956	1345	2287
-0.5000	537	997	1668	2463
0.5000	518	749	1308	2386
-0.5000	557	697	1555	1892
-0.5000	576	902	1738	2177
0.5000	323	1239	1435	1955
-0.5000	588	665	1558	1920
-0.5000	229	1143	1795	2360
-0.5000	475	1070	1292	2159
0.5000	4	825	1568	2339
0.5000	30	1187	1328	2503
-0.5000	540	679	1660	2519
-0.5000	504	1189	1607	2288
0.5000	388	1099	1260	2456
-0.5000	623	842	1619	2011
-0.5000	357	1223	1629	2215
0.5000	588	856	1523	2313
0.5000	400	865	1352	2088
-0.5000	23	1232	1571	2284
0.5000	499	989	1475	1900
0.5000	44	803	1360	2354
0.5000	471	1221	1424	2038
-0.5000	529	1256	1805	2516
0.5000	342	1223	1726	2397
-0.5000	521	1170	1270	1997
-0.5000	201	1124	1522	2312
0.5000	556	1030	1564	2161
0.5000	198	912	1759	2357
0.5000	227	899	1489	2130
-0.5000	177	1096	1775	2394
0.5000	15	687	1446	1910
-0.5000	501	915	1294	2095
0.5000	42	1231	1626	2081
-0.5000	362	1143	1676	2197
-0.5000	28	754	1393	2135
-0.5000	565	1224	1808	2212
-0.5000	60	1057	1664	2008
0.5000	504	702	1360	2496
-0.5000	91	758	1642	2504
-0.5000	176	908	1713	2258
0.5000	39	1099	1795	2330
0.5000	348	798	1486	2295
-0.5000	375	998	1543	2366
0.5000	507	1161	1358	2007
-0.5000	5	988	1491	1914
0.5000	426	740	1538	2476
-0.5000	463	1131	1723	2223
-0.5000	238	1039	1532	2398
-0.5000	390	1019	1493	2475
-0.5000	408	1157	1514	2218
-0.5000	178	1069	1606	2288
0.5000	359	768	1463	2037
-0.5000	276	780	1372	2334
0.5000	217	891	1884	1949
0.5000	258	731	1751	2151
-0.5000	333	823	1591	2326
-0.5000	297	648	1407	1945
0.5000	530	1216	1857	2244
-0.5000	66	868	1792	1893
0.5000	179	935	1709	2483
-0.5000	92	1145	1814	2237
-0.5000	383	809	1643	2241
-0.5000	124	1124	1838	2518
0.5000	213	683	1275	2209
0.5000	272	767	1396	2052
-0.5000	37	658	1415	1985
-0.5000	463	1237	1867	2120
-0.5000	541	1208	1608	2256
-0.5000	440	1061	1490	2487
0.5000	446	962	1355	1968
0.5000	401	730	1472	1953
-0.5000	145	987	1573	2003
-0.5000	118	917	1392	1934
0.5000	80	792	1739	2209
0.5000	475	712	1603	2484
0.5000	261	969	1377	1976
-0.5000	335	877	1813	2064
0.5000	278	1124	1804	2277
-0.5000	185	1142	1707	2319
-0.5000	252	758	1827	2503
-0.5000	275	1063	1366	1964
-0.5000	524	739	1530	1956
0.5000	317	936	1327	2365
0.5000	269	1224	1751	2389
-0.5000	420	1172	1630	2205
-0.5000	599	1192	1669	2468
0.5000	88	835	1278	2253
0.5000	184	880	1410	1903
0.5000	141	1243	1558	2399
-0.5000	284	1181	1476	2346
-0.5000	622	807	1512	1904
0.5000	49	817	1864	2030
0.5000	521	1083	1723	2221
0.5000	503	973	1265	2472
-0.5000	235	868	1847	1966
-0.5000	75	979	1611	2152
-0.5000	621	1068	1665	2023
0.5000	604	1089	1684	2082
0.5000	455	1258	1573	2257
-0.5000	355	1034	1730	2402
0.5000	548	1187	1770	2454
0.5000	257	1007	1865	2377
0.5000	555	739	1657	2385
0.5000	178	1256	1325	2281
0.5000	249	838	1583	2426
0.5000	360	1146	1606	2078
-0.5000	535	976	1390	2085
0.5000	579	672	1758	2391
-0.5000	306	688	1480	2275
-0.5000	223	781	1314	2334
-0.5000	240	748	1472	2397
0.5000	618	928	1483	2036
-0.5000	566	881	1340	2289
-0.5000	178	1110	1445	2425
-0.5000	356	996	1761	2259
-0.5000	47	731	1647	2126
0.5000	276	1050	1484	2109
-0.5000	604	774	1809	2383
0.5000	408	684	1591	2436
0.5000	202	774	1349	2060
-0.5000	622	1056	1612	1956
0.5000	265	887	1784	2030
-0.5000	237	1140	1580	2233
0.5000	139	1169	1338	2418
-0.5000	279	1215	1532	1907
0.5000	56	954	1294	2456
0.5000	227	1207	1332	2180
-0.5000	299	971	1606	2286
0.5000	324	695	1614	2204
0.5000	340	643	1391	2068
0.5000	329	1024	1741	2458
-0.5000	61	1069	1572	1986
0.5000	411	754	1589	2227
0.5000	336	1121	1361	1920
0.5000	194	1019	1608	2136
-0.5000	611	1237	1417	2088
0.5000	273	649	1872	2256
0.5000	479	723	1373	2075
0.5000	164	1168	1504	2434
0.5000	523	679	1647	2400
0.5000	148	1253	1625	2379
0.5000	54	1254	1786	1893
0.5000	98	937	1274	2176
-0.5000	597	992	1382	2239
-0.5000	329	992	1342	1903
0.5000	433	1113	1406	2137
0.5000	452	1221	1353	2040
0.5000	404	641	1273	2018
0.5000	374	768	1260	2262
-0.5000	536	732	1594	1960
0.5000	270	1167	1479	2510
0.5000	498	1123	1524	2278
0.5000	78	1142	1690	2175
0.5000	432	985	1492	2479
0.5000	547	1193	1700	2183
0.5000	421	952	1823	2289
0.5000	612	1047	1313	2422
-0.5000	66	876	1505	1907
-0.5000	490	649	1513	2094
0.5000	513	1176	1329	2488
-0.5000	528	860	1280	2350
-0.5000	18	806	1542	2070
-0.5000	276	760	1271	2093
-0.5000	51	1042	1353	2374
-0.5000	158	917	1726	2087
0.5000	293	700	1550	1950
0.5000	129	1031	1685	2116
0.5000	166	965	1798	2378
0.5000	326	784	1644	2312
-0.5000	498	729	1536	2329
0.5000	189	902	1717	2307
0.5000	591	727	1573	2199
-0.5000	465	1211	1614	2140
0.5000	507	701	1355	2034
0.5000	484	1131	1284	2254
0.5000	489	840	1513	2297
0.5000	112	772	1539	2090
0.5000	588	663	1641	2044
-0.5000	592	839	1355	2098
0.5000	135	1069	1406	2220
-0.5000	422	875	1320	2519
0.5000	292	649	1792	2094
-0.5000	495	803	1575	2435
-0.5000	12	1201	1619	2472
-0.5000	72	1258	1643	1897
0.5000	133	1063	1545	1990
0.5000	586	772	1815	2373
-0.5000	608	1245	1508	1978
-0.5000	290	1152	1520	2179
0.5000	389	931	1538	2066
0.5000	387	647	1595	1915
0.5000	530	696	1434	2185
0.5000	233	890	1771	1971
0.5000	313	755	1365	2101
0.5000	459	1176	1634	2403
-0.5000	144	831	1555	1953
0.5000	560	688	1831	2180
0.5000	534	633	1628	2006
0.5000	59	710	1599	2027
0.5000	559	743	1313	1940
-0.5000	148	1258	1749	2035
-0.5000	615	1202	1885	2040
0.5000	285	1029	1517	2131
0.5000	580	750	1539	2130
0.5000	39	1144	1703	1988
0.5000	621	708	1878	2428
-0.5000	469	967	1705	2334
0.5000	80	1133	1470	2289
0.5000	309	1119	1647	2403
-0.5000	388	657	1594	2435
-0.5000	66	1153	1434	2406
-0.5000	144	1149	1756	2095
0.5000	546	884	1799	2454
-0.5000	34	1223	1574	1979
-0.5000	40	782	1458	2047
0.5000	609	841	1425	2095
-0.5000	498	682	1854	2448
-0.5000	545	675	1806	2159
0.5000	583	767	1358	2176
0.5000	287	1147	1889	2230
0.5000	384	1120	1310	2235
-0.5000	514	1213	1792	1904
0.5000	534	657	1337	1913
-0.5000	243	796	1588	2500
0.5000	192	1045	1554	2115
-0.5000	329	1220	1449	1940
0.5000	151	1128	1860	2274
0.5000	225	903	1436	1946
0.5000	117	1031	1548	2354
-0.5000	326	1137	1727	2399
0.5000	541	867	1785	1979
0.5000	555	998	1751	2477
0.5000	2	705	1585	2388
-0.5000	346	970	1560	2003
-0.5000	346	701	1715	2077
-0.5000	462	992	1731	2007
0.5000	571	1004	1844	2051
0.5000	572	923	1861	1983
0.5000	67	983	1521	2431
-0.5000	449	968	1617	2104
0.5000	135	1172	1884	2123
0.5000	438	909	1609	2141
0.5000	303	1138	1303	2489
0.5000	222	980	1397	2100
0.5000	162	891	1487	2143
0.5000	122	1028	1557	2121
-0.5000	510	1125	1867	2314
0.5000	170	1236	1661	2512
0.5000	4	1168	1839	2263
0.5000	1	1130	1559	1961
0.5000	317	762	1680	2162
0.5000	377	827	1782	2171
-0.5000	310	784	1438	1936
-0.5000	457	1065	1845	2410
0.5000	166	819	1825	2054
-0.5000	417	874	1771	2453
0.5000	429	1062	1722	2153
0.5000	484	1141	1535	2269
0.5000	146	1033	1304	2024
0.5000	617	643	1367	2041
0.5000	320	874	1545	2289
-0.5000	522	690	1745	2188
-0.5000	446	1146	1343	1926
0.5000	608	828	1825	2420
-0.5000	231	931	1758	2230
-0.5000	551	1243	1399	2502
0.5000	577	1099	1788	2417
-0.5000	304	1089	1847	2182
0.5000	203	1225	1856	2378
-0.5000	348	706	1870	2107
0.5000	478	679	1661	2026
-0.5000	160	1049	1831	2303
0.5000	569	821	1842	2293
0.5000	296	1026	1293	2006
0.5000	556	877	1586	1962
-0.5000	371	737	1342	2173
-0.5000	204	752	1885	2002
0.5000	394	759	1477	1989
-0.5000	134	1119	1273	1921
0.5000	294	876	1276	2375
-0.5000	535	728	1527	2090
-0.5000	245	798	1543	2108
0.5000	572	1115	1882	2363
-0.5000	124	1066	1339	2274
-0.5000	629	1113	1808	1999
-0.5000	157	1112	1517	2465
-0.5000	475	1228	1478	2037
-0.5000	305	1190	1754	2361
-0.5000	542	955	1608	2426
-0.5000	325	1094	1774	2018
0.5000	346	1032	1295	1943
0.5000	430	932	1868	2157
-0.5000	159	894	1853	2009
0.5000	237	668	1832	2021
0.5000	300	840	1786	1994
0.5000	372	641	1438	2501
0.5000	325	1098	1379	2468
-0.5000	533	1164	1755	2072
0.5000	353	1098	1554	2033
-0.5000	450	1004	1399	2465
0.5000	531	845	1816	2400
-0.5000	305	959	1347	2015
0.5000	75	800	1452	2135
0.5000	479	631	1262	2343
0.5000	571	1117	1425	2390
-0.5000	155	955	1662	2385
0.5000	197	1058	1557	1953
-0.5000	440	1065	1845	2063
-0.5000	267	1036	1494	2202
-0.5000	251	1009	1334	2208
-0.5000	402	905	1621	1916
0.5000	616	651	1496	2129
-0.5000	372	632	1811	2075
0.5000	169	1102	1563	2178
-0.5000	565	1191	1409	2060
0.5000	350	812	1606	2121
0.5000	86	775	1879	2344
-0.5000	140	1157	1497	1902
-0.5000	552	924	1482	2462
-0.5000	294	1101	1770	2428
-0.5000	244	778	1668	2147
-0.5000	448	893	1693	2070
-0.5000	467	771	1815	1924
0.5000	109	1161	1440	2038
0.5000	554	1115	1675	2114
-0.5000	337	1122	1471	2065
0.5000	582	670	1484	2496
0.5000	124	1057	1678	1892
0.5000	0	853	1715	2319
-0.5000	460	1154	1695	2330
-0.5000	248	700	1622	1893
0.5000	284	907	1783	2088
0.5000	86	969	1725	1982
0.5000	626	849	1623	2456
-0.5000	63	1062	1621	2477
0.5000	463	986	1337	2005
-0.5000	91	879	1656	2452
0.5000	379	1038	1810	2013
0.5000	234	1074	1786	1891
0.5000	160	1023	1486	2503
-0.5000	562	1010	1490	2139
-0.5000	225	1062	1409	2071
-0.5000	117	1102	1777	2318
0.5000	428	1022	1814	2197
0.5000	244	694	1330	2014
0.5000	237	813	1495	2244
0.5000	539	1251	1310	2422
0.5000	401	708	1562	2437
0.5000	175	950	1848	2100
-0.5000	406	982	1626	2229
-0.5000	115	770	1632	2116
-0.5000	601	1181	1677	2072
-0.5000	207	758	1501	2495
0.5000	189	1104	1394	1965
0.5000	372	804	1540	1994
-0.5000	19	1213	1834	2441
-0.5000	191	1148	1283	2517
0.5000	142	650	1442	2046
0.5000	277	829	1806	2276
-0.5000	108	1186	1358	2321
-0.5000	20	921	1585	2174
-0.5000	594	641	1431	2325
-0.5000	445	665	1679	2087
-0.5000	322	960	1637	2502
-0.5000	456	1132	1370	2312
-0.5000	152	1164	1346	2374
-0.5000	363	981	1277	1971
-0.5000	334	863	1757	2380
0.5000	606	998	1674	1890
0.5000	45	1240	1739	2101
0.5000	243	790	1826	2418
-0.5000	584	1000	1743	2338
0.5000	311	1226	1334	2246
0.5000	292	1105	1875	2325
0.5000	607	1052	1653	2118
-0.5000	621	900	1313	2192
-0.5000	393	928	1596	1948
-0.5000	363	1066	1878	2389
-0.5000	311	1205	1498	2285
-0.5000	565	1248	1804	2438
-0.5000	89	1188	1651	2101
-0.5000	373	836	1889	2433
0.5000	570	977	1360	2053
-0.5000	97	800	1582	2475
0.5000	34	989	1596	1899
-0.5000	382	670	1296	1945
-0.5000	230	1227	1731	2043
-0.5000	17	1007	1437	1952
0.5000	378	1008	1410	2310
0.5000	441	1130	1437	2091
0.5000	387	719	1295	2490
0.5000	406	727	1775	2183
0.5000	339	1036	1348	2517
-0.5000	618	750	1786	2257
-0.5000	270	1084	1725	2164
-0.5000	500	842	1503	2506
-0.5000	210	1028	1828	2498
-0.5000	576	830	1645	2394
-0.5000	90	1145	1302	1911
0.5000	403	832	1263	2403
-0.5000	418	1037	1475	2449
0.5000	66	768	1550	2331
-0.5000	281	901	1484	2336
0.5000	385	1218	1863	1970
-0.5000	567	645	1638	2195
0.5000	379	1103	1298	2306
0.5000	347	990	1887	1942
-0.5000	568	780	1546	2275
-0.5000	213	1238	1728	2291
0.5000	517	1167	1344	2061
-0.5000	300	789	1485	1949
-0.5000	378	882	1371	2122
0.5000	331	725	1791	2024
0.5000	99	709	1876	2237
-0.5000	75	1231	1494	2335
0.5000	544	1073	1432	2154
0.5000	376	1240	1526	2099
0.5000	283	1255	1480	2062
0.5000	398	1109	1853	2406
-0.5000	602	832	1476	2132
0.5000	187	658	1283	2082
0.5000	102	1095	1781	2052
-0.5000	251	981	1553	2112
0.5000	132	844	1469	1901
-0.5000	350	1001	1566	1970
-0.5000	120	1252	1858	1945
-0.5000	154	807	1496	2049
-0.5000	118	989	1824	2101
0.5000	599	851	1338	2236
-0.5000	543	1155	1843	2505
-0.5000	534	936	1767	2022
-0.5000	612	950	1789	2271
0.5000	30	661	1303	2344
-0.5000	249	1089	1730	2367
0.5000	390	680	1623	2514
-0.5000	506	1120	1640	2109
0.5000	134	1256	1579	2106
-0.5000	276	1228	1389	2204
-0.5000	413	1073	1863	2361
-0.5000	570	848	1726	1952
-0.5000	549	985	1780	2103
-0.5000	476	1098	1828	1990
0.5000	65	808	1280	2143
0.5000	290	647	1832	2430
-0.5000	193	1214	1514	2356
-0.5000	210	1147	1719	2049
-0.5000	158	933	1546	2098
0.5000	40	1165	1887	2308
-0.5000	90	1066	1312	2022
-0.5000	369	1249	1325	1941
0.5000	312	1192	1601	2323
0.5000	615	822	1787	2347
-0.5000	372	1175	1576	2495
-0.5000	186	672	1838	1967
0.5000	118	911	1425	2329
0.5000	39	1224	1493	2053
-0.5000	400	1031	1360	1912
0.5000	592	1044	1861	2310
0.5000	175	696	1517	2191
-0.5000	561	1190	1308	1948
-0.5000	605	924	1493	1910
0.5000	353	806	1802	1952
-0.5000	182	1018	1730	2138
0.5000	465	778	1452	2254
-0.5000	70	1131	1602	1939
0.5000	18	681	1664	2380
-0.5000	515	858	1642	2445
0.5000	338	1010	1424	1898
-0.5000	616	707	1436	2450
0.5000	396	1106	1567	2341
-0.5000	352	959	1299	2379
0.5000	501	1118	1742	2076
-0.5000	94	653	1508	2231
-0.5000	309	740	1747	2050
0.5000	183	654	1722	2252
0.5000	77	887	1574	2404
-0.5000	42	1253	1341	1950
0.5000	236	972	1750	2170
0.5000	5	977	1571	2242
-0.5000	415	1108	1342	1973
0.5000	393	765	1483	2485
0.5000	224	691	1279	2299
-0.5000	269	995	1581	1975
-0.5000	504	1133	1266	2150
-0.5000	161	943	1516	2268
-0.5000	246	847	1582	2327
0.5000	3	814	1646	2035
0.5000	367	1185	1823	2206
-0.5000	426	839	1529	2410
-0.5000	205	951	1332	2172
-0.5000	361	959	1698	1938
-0.5000	533	660	1537	2429
-0.5000	105	880	1549	2170
0.5000	233	1171	1267	2437
-0.5000	609	722	1327	2426
-0.5000	431	701	1812	1910
-0.5000	619	768	1301	1892
-0.5000	70	1134	1500	1991
0.5000	117	1037	1532	1979
-0.5000	426	694	1441	2196
0.5000	604	1189	1760	2230
0.5000	48	723	1490	2459
0.5000	378	900	1388	2498
0.5000	137	1130	1704	2138
-0.5000	196	976	1523	2463
-0.5000	20	1032	1666	2320
0.5000	489	1014	1732	2337
-0.5000	449	711	1492	2442
0.5000	196	857	1886	2488
-0.5000	624	918	1704	1906
0.5000	228	1039	1486	2302
0.5000	104	724	1823	2162
0.5000	257	1074	1624	2338
0.5000	95	690	1356	1975
0.5000	307	747	1710	1971
-0.5000	170	881	1493	2183
0.5000	145	984	1796	2255
-0.5000	206	1259	1511	2006
-0.5000	505	761	1698	2190
0.5000	465	781	1529	2161
-0.5000	391	1184	1305	2397
-0.5000	26	1240	1627	2460
-0.5000	168	1100	1482	2513
0.5000	29	673	1667	2159
0.5000	321	750	1670	1891
0.5000	400	1158	1841	2504
0.5000	46	1175	1491	2071
-0.5000	564	635	1403	2414
-0.5000	417	1053	1626	2184
-0.5000	520	867	1510	2260
-0.5000	436	887	1634	2267
-0.5000	164	1195	1313	2105
-0.5000	403	754	1716	2337
0.5000	342	943	1282	2442
0.5000	246	830	1435	2477
0.5000	200	638	1304	2041
0.5000	177	1006	1599	2125
0.5000	213	695	1578	2224
0.5000	63	994	1769	2213
0.5000	554	1117	1867	2259
0.5000	354	1054	1652	2494
-0.5000	589	863	1600	2187
0.5000	425	772	1715	2039
0.5000	39	682	1837	2502
0.5000	2	690	1739	1966
0.5000	391	812	1345	2199
0.5000	369	1011	1640	2324
-0.5000	109	850	1651	1941
-0.5000	511	961	1887	2149
-0.5000	292	681	1765	2259
-0.5000	314	1087	1375	2206
0.5000	468	1119	1662	2205
0.5000	374	1022	1339	2110
-0.5000	534	1017	1411	2108
-0.5000	79	1055	1577	1919
-0.5000	558	916	1888	2440
0.5000	347	896	1401	2035
0.5000	551	738	1696	2432
0.5000	569	1118	1698	1917
-0.5000	46	1088	1359	1917
-0.5000	190	1140	1680	2019
0.5000	27	1227	1737	2481
0.5000	111	823	1521	1895
0.5000	347	1233	1608	2455
0.5000	141	1190	1454	2066
-0.5000	89	744	1550	2012
-0.5000	255	1193	1758	2209
0.5000	175	1061	1842	2373
-0.5000	338	916	1289	1922
0.5000	51	1253	1367	1910
0.5000	362	1106	1565	2201
-0.5000	591	1139	1325	1896
-0.5000	335	1242	1749	2434
-0.5000	526	702	1675	2002
-0.5000	421	1097	1340	2167
-0.5000	480	873	1339	2099
0.5000	411	1179	1829	2369
-0.5000	8	926	1542	2085
0.5000	585	665	1840	2021
-0.5000	15	942	1534	1918
-0.5000	245	748	1681	2413
-0.5000	90	1139	1339	2200
0.5000	482	689	1537	2364
0.5000	433	892	1505	2158
0.5000	216	822	1292	2192
-0.5000	521	708	1658	1899
-0.5000	253	1077	1414	2375
0.5000	303	1148	1260	2377
0.5000	228	1024	1407	2480
0.5000	232	736	1846	2332
0.5000	403	1046	1433	2465
-0.5000	208	825	1402	2220
-0.5000	206	1120	1823	2497
0.5000	93	860	1807	2466
0.5000	422	1062	1346	2328
-0.5000	310	931	1675	2203
0.5000	54	1169	1558	2158
0.5000	119	1241	1869	2399
0.5000	399	920	1266	2279
0.5000	580	810	1629	2246
0.5000	306	1133	1719	2473
-0.5000	279	1067	1345	2497
-0.5000	385	1256	1638	2103
-0.5000	101	903	1440	2309
0.5000	409	821	1679	2480
0.5000	378	965	1614	2288
-0.5000	297	1163	1620	2217
-0.5000	566	1065	1338	2290
-0.5000	176	1180	1728	2368
-0.5000	413	1120	1645	2455
0.5000	205	733	1284	2108
-0.5000	122	1043	1492	2042
-0.5000	366	1011	1452	2435
0.5000	560	1211	1508	1904
0.5000	430	638	1771	2387
0.5000	226	1196	1447	2461
-0.5000	276	1137	1420	2217
0.5000	399	713	1630	1950
-0.5000	102	1195	1648	2458
0.5000	425	993	1722	2234
0.5000	98	1101	1655	2009
-0.5000	108	1103	1566	2264
-0.5000	509	869	1330	2508
0.5000	314	1018	1316	1995
-0.5000	499	1112	1552	2304
0.5000	512	830	1833	1897
-0.5000	559	1035	1396	2392
-0.5000	173	785	1361	2265
0.5000	107	922	1520	2222
-0.5000	295	1052	1436	2269
0.5000	493	901	1882	2482
-0.5000	109	1115	1598	2230
0.5000	505	788	1730	2290
0.5000	418	637	1625	2402
0.5000	392	1149	1444	2441
-0.5000	103	1177	1589	2233
0.5000	149	719	1711	2304
-0.5000	531	1176	1292	2046
0.5000	72	1219	1679	1994
0.5000	536	964	1359	2062
-0.5000	351	1164	1335	1973
-0.5000	309	1144	1597	2335
0.5000	504	1029	1377	2263
0.5000	441	729	1576	2426
0.5000	114	1089	1515	2473
0.5000	259	884	1529	2369
0.5000	472	1138	1654	2485
-0.5000	413	796	1423	2251
-0.5000	525	1256	1627	2074
0.5000	476	1209	1419	2186
-0.5000	601	1073	1673	1957
0.5000	622	1126	1316	2100
0.5000	628	693	1438	2472
-0.5000	349	1115	1860	2411
0.5000	167	1020	1708	2085
-0.5000	562	934	1646	2388
0.5000	562	801	1535	2388
-0.5000	277	722	1393	1962
-0.5000	355	727	1385	2120
0.5000	500	686	1487	2154
0.5000	201	1219	1741	2203
0.5000	558	1202	1783	2349
-0.5000	139	696	1804	2053
0.5000	506	1211	1392	2371
0.5000	456	733	1341	2156
-0.5000	563	1038	1705	2001
-0.5000	292	821	1397	1966
-0.5000	275	1116	1305	2457
-0.5000	303	952	1507	2183
-0.5000	523	837	1376	1964
0.5000	628	1072	1469	2149
0.5000	608	1050	1330	2123
-0.5000	244	913	1839	1960
-0.5000	386	1020	1504	2376
0.5000	484	860	1288	2129
-0.5000	184	935	1388	1964
-0.5000	91	890	1737	2496
-0.5000	418	879	1683	2326
-0.5000	370	724	1433	2323
-0.5000	62	978	1671	2391
-0.5000	93	633	1265	2032
0.5000	380	887	1785	1910
0.5000	151	875	1406	2479
0.5000	511	823	1555	2284
0.5000	542	875	1742	2229
0.5000	545	1089	1275	2164
-0.5000	212	742	1602	1913
-0.5000	395	822	1839	2349
0.5000	494	834	1538	1977
-0.5000	46	1163	1441	2509
-0.5000	313	756	1645	2311
0.5000	580	1022	1423	2414
-0.5000	156	838	1561	2184
-0.5000	259	1236	1288	2253
-0.5000	503	855	1344	2269
0.5000	444	693	1877	2070
0.5000	71	763	1803	2168
0.5000	454	671	1575	2056
-0.5000	121	1225	1856	1980
-0.5000	303	1238	1833	2438
0.5000	263	1195	1796	1917
0.5000	141	1121	1866	1986
-0.5000	109	1254	1290	2060
0.5000	82	1099	1699	2063
-0.5000	526	692	1473	2026
-0.5000	83	1023	1688	2417
-0.5000	118	1199	1642	2014
0.5000	215	915	1351	1974
0.5000	583	1195	1499	2313
0.5000	24	786	1268	2089
-0.5000	413	906	1820	2236
-0.5000	499	1105	1284	2069
-0.5000	135	846	1699	1944
-0.5000	489	1007	1721	2482
-0.5000	466	1241	1592	2502
0.5000	163	1152	1549	2245
0.5000	359	1146	1769	1939
-0.5000	439	1080	1541	2471
0.5000	163	1123	1540	2010
0.5000	68	792	1295	2411
-0.5000	229	1166	1846	1903
-0.5000	62	965	1356	2161
-0.5000	319	1177	1385	2365
-0.5000	625	953	1556	2163
0.5000	524	927	1734	2510
-0.5000	110	855	1514	2214
-0.5000	367	1178	1594	2040
-0.5000	333	675	1653	2462
0.5000	397	737	1364	2505
-0.5000	210	1105	1486	1984
-0.5000	181	729	1646	1971
0.5000	301	1240	1314	2324
0.5000	384	1168	1846	2203
-0.5000	556	963	1583	2516
0.5000	13	760	1319	2057
0.5000	486	1030	1374	2112
0.5000	616	1168	1568	2131
-0.5000	518	862	1455	1990
-0.5000	407	897	1611	1930
0.5000	477	1231	1545	2404
-0.5000	86	1218	1685	2499
-0.5000	321	749	1418	1905
-0.5000	186	1073	1534	2222
-0.5000	447	1058	1886	2113
0.5000	429	706	1761	2474
0.5000	392	1183	1348	1951
0.5000	172	949	1531	2028
-0.5000	214	1173	1732	2316
-0.5000	624	1086	1277	2344
0.5000	106	896	1648	2252
0.5000	247	827	1871	2125
0.5000	173	915	1353	1981
0.5000	619	960	1676	1918
-0.5000	454	1017	1539	1973
-0.5000	215	638	1728	1973
0.5000	481	664	1580	2327
-0.5000	211	1091	1433	2464
0.5000	179	919	1497	2499
0.5000	99	1035	1309	2397
0.5000	515	1154	1812	2181
-0.5000	400	1009	1688	2128
0.5000	175	804	1483	2287
0.5000	228	793	1273	2112
-0.5000	20	1108	1335	2155
0.5000	170	919	1582	2000
0.5000	254	994	1650	2228
-0.5000	340	1166	1782	2414
-0.5000	252	1057	1329	1972
-0.5000	412	827	1317	2330
0.5000	327	1050	1857	2162
0.5000	559	866	1756	2074
0.5000	33	733	1659	2316
-0.5000	234	818	1561	2518
-0.5000	26	1148	1577	1890
-0.5000	166	1169	1734	2157
0.5000	203	1160	1460	2006
-0.5000	222	1038	1858	2181
0.5000	218	1122	1742	2158
-0.5000	315	1230	1387	2050
0.5000	53	1194	1518	2308
0.5000	58	1249	1433	2193
0.5000	442	1257	1593	2250
-0.5000	268	1085	1322	2392
-0.5000	496	743	1317	2333
0.5000	331	820	1661	2250
-0.5000	35	643	1370	2146
0.5000	38	1048	1523	2273
0.5000	48	636	1737	2093
0.5000	439	1099	1668	2064
0.5000	223	771	1873	2485
-0.5000	602	769	1434	2194
-0.5000	168	637	1525	2147
-0.5000	221	708	1716	2156
0.5000	519	947	1668	2223
-0.5000	345	1212	1301	2432
0.5000	12	1229	1696	2202
0.5000	112	1221	1630	1905
0.5000	49	790	1726	1961
0.5000	138	1072	1321	2508
-0.5000	84	1190	1380	2172
0.5000	495	671	1447	2078
-0.5000	626	918	1559	2275
0.5000	305	685	1528	2187
-0.5000	435	659	1564	2003
0.5000	443	678	1513	2297
0.5000	513	898	1783	1958
-0.5000	308	677	1613	2436
0.5000	350	1188	1363	2016
-0.5000	485	1044	1682	2277
-0.5000	19	661	1325	2146
0.5000	217	1163	1525	2176
-0.5000	164	881	1884	1911
0.5000	197	672	1354	2104
0.5000	113	653	1826	2132
-0.5000	55	958	1306	2234
-0.5000	405	745	1369	2469
0.5000	466	810	1287	2254
0.5000	107	648	1533	2364
-0.5000	130	1122	1381	2348
-0.5000	435	913	1390	2360
-0.5000	449	1037	1491	2179
-0.5000	84	1045	1618	2403
0.5000	264	1085	1518	2021
0.5000	435	807	1641	2207
-0.5000	617	1229	1410	1942
0.5000	234	905	1751	2149
-0.5000	537	788	1715	2065
0.5000	528	925	1732	2446
-0.5000	54	1127	1657	2122
0.5000	408	819	1272	2249
-0.5000	390	777	1780	2066
-0.5000	205	724	1761	2160
0.5000	278	888	1632	2416
-0.5000	258	946	1358	2462
-0.5000	130	897	1789	2075
-0.5000	512	671	1684	2268
-0.5000	53	1136	1729	1980
0.5000	224	1209	1275	2378
-0.5000	506	954	1737	2082
0.5000	171	1153	1403	2285
0.5000	28	728	1690	2110
0.5000	312	955	1401	2132
-0.5000	335	680	1693	2294
0.5000	332	660	1696	2091
-0.5000	579	940	1430	2253
0.5000	411	1064	1703	2163
0.5000	26	1134	1558	2047
-0.5000	581	965	1314	2094
0.5000	596	723	1400	2084
0.5000	247	707	1799	2358
-0.5000	148	723	1877	2187
-0.5000	222	975	1467	2025
0.5000	233	1047	1296	2249
0.5000	567	993	1782	2342
-0.5000	333	673	1666	2277
0.5000	96	720	1302	1959
-0.5000	199	792	1863	2151
0.5000	242	1023	1581	2317
-0.5000	376	726	1805	2054
0.5000	76	893	1337	2352
0.5000	308	1148	1777	2029
0.5000	342	672	1309	2159
-0.5000	62	866	1528	2315
0.5000	79	1207	1636	2297
0.5000	77	714	1865	1921
0.5000	199	676	1828	2458
0.5000	153	1052	1614	1968
-0.5000	582	1125	1779	2167
0.5000	317	1019	1388	2028
0.5000	539	1222	1412	1952
-0.5000	150	989	1556	2492
0.5000	341	1252	1464	2347
-0.5000	258	754	1512	2243
-0.5000	248	677	1709	1896
-0.5000	480	929	1597	1937
0.5000	530	634	1473	2340
0.5000	313	1207	1311	2422
-0.5000	147	1244	1595	2252
-0.5000	595	1093	1768	2211
-0.5000	300	1147	1856	2059
-0.5000	566	1027	1418	2505
0.5000	164	658	1750	2508
0.5000	343	802	1439	2123
-0.5000	25	801	1709	2492
-0.5000	438	1061	1464	2030
-0.5000	604	1002	1830	1901
-0.5000	507	862	1416	2295
0.5000	409	717	1450	2339
0.5000	428	1070	1511	2017
0.5000	446	1150	1590	2107
0.5000	454	860	1821	2382
0.5000	389	1258	1610	1922
-0.5000	502	805	1767	2093
-0.5000	365	802	1769	2240
-0.5000	188	957	1612	2446
0.5000	28	1030	1500	2010
-0.5000	18	1114	1517	2240
-0.5000	174	1149	1796	1985
-0.5000	1	677	1882	2476
0.5000	44	654	1434	2222
0.5000	386	1093	1660	2089
-0.5000	548	956	1885	2510
-0.5000	546	1257	1736	2064
-0.5000	410	1010	1639	2449
-0.5000	169	1251	1718	2396
0.5000	243	681	1334	2389
0.5000	32	755	1662	2053
-0.5000	486	786	1478	2337
-0.5000	173	689	1335	2470
-0.5000	13	704	1535	1967
0.5000	107	870	1512	1922
-0.5000	204	630	1470	2211
0.5000	69	837	1524	1975
0.5000	551	944	1382	1955
-0.5000	541	950	1335	2078
-0.5000	592	897	1876	2155
-0.5000	59	945	1399	2428
0.5000	610	1180	1534	2073
0.5000	515	701	1873	1959
0.5000	295	763	1867	2368
0.5000	44	866	1785	2334
0.5000	280	1119	1454	2079
0.5000	482	741	1744	1942
-0.5000	358	1200	1710	2436
-0.5000	284	1035	1475	2267
-0.5000	355	879	1459	2515
0.5000	120	1025	1525	2065
-0.5000	207	662	1509	2025
-0.5000	583	944	1762	2095
-0.5000	331	1236	1414	2219
0.5000	384	930	1396	2477
0.5000	614	813	1801	2421
-0.5000	70	808	1544	2432
0.5000	191	1182	1658	2260
-0.5000	419	1104	1635	2226
0.5000	543	736	1314	2498
0.5000	408	1075	1706	1997
0.5000	436	1014	1329	2063
0.5000	151	1061	1878	2114
0.5000	178	1239	1645	2206
-0.5000	344	773	1744	2296
-0.5000	14	978	1883	2112
-0.5000	564	666	1624	2282
0.5000	221	1078	1824	2449
-0.5000	184	1026	1649	2479
-0.5000	406	1257	1627	2307
0.5000	262	1064	1467	2229
-0.5000	42	945	1569	2444
0.5000	322	1114	1453	2487
0.5000	514	693	1685	2431
0.5000	437	878	1465	2506
-0.5000	161	1214	1693	2073
-0.5000	132	974	1829	2424
0.5000	99	743	1619	2322
0.5000	615	728	1788	2519
-0.5000	304	957	1580	1966
0.5000	109	769	1306	2501
-0.5000	615	734	1476	2272
0.5000	16	702	1742	2270
0.5000	452	871	1585	2207
0.5000	582	705	1390	2362
0.5000	230	697	1553	1928
0.5000	31	659	1286	2372
-0.5000	332	752	1663	2147
-0.5000	142	1085	1798	2432
0.5000	493	1080	1889	1964
0.5000	318	1140	1752	2078
-0.5000	432	641	1457	2198
-0.5000	55	928	1404	2135
-0.5000	226	632	1515	2326
0.5000	494	1183	1264	2260
-0.5000	522	860	1789	2389
0.5000	474	853	1846	2473
-0.5000	358	1244	1332	2512
0.5000	287	984	1840	2441
0.5000	279	734	1657	2361
-0.5000	77	920	1444	2333
-0.5000	332	1087	1858	2059
-0.5000	142	700	1609	2173
0.5000	529	1152	1686	2177
-0.5000	549	1200	1457	2043
0.5000	620	1191	1733	2283
0.5000	110	704	1640	2173
0.5000	146	814	1318	2506
-0.5000	127	1247	1638	2509
-0.5000	429	745	1800	2137
0.5000	180	1014	1826	2460
-0.5000	61	1205	1869	2313
0.5000	308	1136	1758	2293
0.5000	320	710	1458	1908
0.5000	60	754	1733	2510
0.5000	458	691	1625	2060
0.5000	290	653	1456	2161
0.5000	603	930	1753	2225
-0.5000	424	899	1576	2375
-0.5000	221	1191	1728	2301
0.5000	59	1017	1660	2200
-0.5000	371	1208	1800	2077
0.5000	238	913	1331	2259
-0.5000	626	1198	1475	1920
0.5000	500	961	1810	2162
-0.5000	76	1036	1277	1981
-0.5000	277	1004	1767	1931
-0.5000	602	1184	1421	2448
-0.5000	259	663	1368	2184
-0.5000	267	1105	1630	2207
-0.5000	432	849	1724	2367
-0.5000	483	1018	1540	2435
0.5000	87	1123	1404	2145
0.5000	286	956	1675	2126
-0.5000	253	719	1881	2186
-0.5000	264	1235	1403	2427
-0.5000	158	1003	1733	2407
-0.5000	167	1223	1431	2065
0.5000	31	1197	1291	2106
0.5000	333	835	1466	2250
0.5000	466	1203	1778	2371
-0.5000	181	985	1809	2490
-0.5000	471	1079	1454	2349
0.5000	620	1251	1712	2086
0.5000	272	820	1816	2134
-0.5000	193	1090	1660	2142
0.5000	164	912	1300	2272
-0.5000	212	1165	1852	2131
0.5000	575	1118	1547	2140
-0.5000	527	1162	1873	2488
-0.5000	112	936	1533	1949
0.5000	297	859	1479	2501
0.5000	459	662	1538	2185
0.5000	372	644	1285	2205
0.5000	181	1227	1653	2436
-0.5000	64	1045	1638	2472
0.5000	232	852	1713	1950
0.5000	459	1192	1462	1993
0.5000	92	764	1549	1916
0.5000	411	948	1285	2410
-0.5000	213	858	1851	2145
0.5000	6	767	1291	2404
-0.5000	149	979	1852	2376
-0.5000	235	699	1394	2467
-0.5000	519	1080	1834	1923
-0.5000	404	1133	1542	1984
0.5000	608	1223	1616	2268
0.5000	43	983	1341	2212
0.5000	615	1134	1699	2504
0.5000	8	640	1747	2091
0.5000	362	776	1692	2421
0.5000	267	783	1670	2494
0.5000	483	1107	1752	2514
-0.5000	461	1071	1480	1939
0.5000	26	907	1503	2355
-0.5000	133	890	1575	2382
-0.5000	19	894	1492	2391
0.5000	93	984	1712	2334
0.5000	327	947	1282	2484
-0.5000	619	1249	1687	2067
0.5000	563	1174	1489	2081
-0.5000	6	811	1868	2430
0.5000	181	677	1598	2329
-0.5000	239	927	1844	2422
0.5000	499	1040	1732	2124
-0.5000	427	735	1839	2100
0.5000	218	805	1322	2296
0.5000	399	859	1485	2345
-0.5000	36	1049	1872	2099
0.5000	45	937	1718	2283
-0.5000	552	1000	1375	2034
-0.5000	114	752	1720	2511
0.5000	52	785	1375	2375
-0.5000	594	803	1320	1953
-0.5000	37	847	1262	2189
0.5000	215	1027	1363	2316
0.5000	121	1093	1821	2331
0.5000	553	841	1522	1974
-0.5000	482	1003	1794	2241
0.5000	183	1108	1794	1983
0.5000	548	667	1877	2127
-0.5000	198	1238	1536	2086
-0.5000	390	975	1443	2033
0.5000	17	1027	1530	2189
0.5000	484	1245	1552	2268
-0.5000	399	732	1838	2468
-0.5000	57	831	1448	2494
0.5000	13	1193	1690	2245
0.5000	29	882	1424	2124
0.5000	567	755	1444	2360
0.5000	343	1212	1552	2254
0.5000	587	1049	1356	2314
-0.5000	324	903	1670	2066
0.5000	36	840	1871	2339
-0.5000	412	1008	1290	2328
-0.5000	457	1072	1849	2383
-0.5000	312	910	1768	2218
-0.5000	58	1151	1727	2173
-0.5000	265	650	1844	2315
0.5000	597	1131	1490	2219
0.5000	507	1040	1333	1925
0.5000	263	944	1537	2404
0.5000	87	1252	1288	1965
-0.5000	600	713	1459	1998
-0.5000	558	1049	1824	2299
0.5000	524	817	1650	2237
0.5000	338	1070	1631	2453
-0.5000	88	821	1686	2209
0.5000	465	685	1430	2462
-0.5000	586	1165	1545	2261
-0.5000	603	1195	1688	2096
-0.5000	237	1150	1518	2069
-0.5000	128	1232	1791	2102
0.5000	137	1076	1276	2354
-0.5000	11	1161	1681	2168
0.5000	127	1239	1518	2011
-0.5000	289	788	1701	2262
0.5000	466	1181	1380	2143
-0.5000	171	683	1276	2484
0.5000	472	1065	1375	2317
-0.5000	447	968	1466	2133
0.5000	256	1082	1749	2024
0.5000	259	686	1709	1955
-0.5000	1	1185	1547	2404
0.5000	311	1196	1563	1996
-0.5000	60	894	1589	2302
0.5000	169	809	1369	2504
0.5000	488	1211	1850	2106
-0.5000	461	1016	1564	2124
0.5000	531	914	1364	2055
0.5000	10	967	1476	2318
-0.5000	375	843	1719	2020
0.5000	2	944	1740	2323
-0.5000	335	777	1837	2180
-0.5000	549	1090	1566	2109
-0.5000	219	822	1789	2381
-0.5000	381	1114	1441	2381
0.5000	470	889	1743	1936
0.5000	131	1178	1859	2347
0.5000	194	872	1751	2467
-0.5000	431	1253	1563	2291
0.5000	197	1229	1862	1891
-0.5000	267	1244	1821	1909
0.5000	337	889	1835	1963
-0.5000	168	1233	1349	2361
-0.5000	129	894	1303	2232
0.5000	379	698	1809	2393
-0.5000	477	864	1365	2499
0.5000	107	938	1295	2358
-0.5000	483	630	1671	2004
0.5000	321	1226	1283	1909
0.5000	475	1142	1480	2292
-0.5000	89	1053	1758	2066
0.5000	10	1054	1701	2001
0.5000	7	1251	1768	2077
-0.5000	288	941	1584	2396
0.5000	546	809	1544	2145
-0.5000	423	982	1710	2094
0.5000	281	685	1777	2084
0.5000	317	1181	1684	2419
0.5000	217	978	1271	2214
0.5000	256	879	1298	2512
-0.5000	94	1231	1355	2516
0.5000	423	1151	1764	2205
-0.5000	223	688	1292	2287
0.5000	478	848	1352	2098
0.5000	67	826	1520	2128
0.5000	470	1024	1495	2361
-0.5000	135	1092	1321	2234
0.5000	514	1001	1462	2178
0.5000	428	664	1326	2111
0.5000	250	888	1615	2405
-0.5000	226	858	1347	2328
-0.5000	165	816	1586	1925
-0.5000	266	645	1819	2433
0.5000	355	1073	1771	2498
0.5000	239	751	1744	2480
-0.5000	625	952	1579	1944
0.5000	17	687	1838	2305
0.5000	326	946	1537	2138
-0.5000	144	1001	1518	2144
-0.5000	353	934	1448	2255
0.5000	171	1076	1592	1960
-0.5000	139	958	1624	2065
-0.5000	414	917	1315	2107
0.5000	535	909	1304	2223
0.5000	103	869	1472	2345
-0.5000	577	906	1760	2119
0.5000	373	1003	1572	1998
-0.5000	453	922	1590	2298
0.5000	397	850	1784	2429
-0.5000	165	642	1390	2263
-0.5000	25	657	1652	2292
-0.5000	327	1100	1408	2125
-0.5000	64	1025	1324	2388
0.5000	34	639	1278	2130
-0.5000	437	725	1759	2490
-0.5000	492	865	1364	2306
-0.5000	106	997	1653	2004
-0.5000	598	652	1729	2470
0.5000	455	1198	1720	2430
0.5000	614	1184	1719	2465
-0.5000	515	829	1279	2232
-0.5000	204	770	1378	2398
0.5000	451	702	1300	2478
-0.5000	131	883	1673	2034
0.5000	161	882	1614	2020
0.5000	182	847	1752	2152
0.5000	249	1095	1607	2144
0.5000	419	920	1730	2182
0.5000	418	1020	1450	2122
-0.5000	492	841	1868	1890
0.5000	391	773	1507	1989
0.5000	194	909	1323	2162
0.5000	84	885	1886	2134
0.5000	448	865	1656	2409
0.5000	184	812	1331	1938
-0.5000	596	870	1411	2084
-0.5000	472	827	1471	2072
0.5000	2	765	1504	2353
-0.5000	613	800	1574	2177
-0.5000	122	635	1561	2417
0.5000	279	718	1653	2338
-0.5000	550	962	1841	1999
-0.5000	359	957	1617	1922
-0.5000	205	843	1547	2118
-0.5000	260	1128	1387	2195
-0.5000	350	1134	1575	2512
-0.5000	285	649	1391	2009
-0.5000	624	1056	1704	1988
0.5000	576	652	1501	1977
-0.5000	224	798	1281	2119
-0.5000	584	866	1331	2225
-0.5000	441	979	1880	2000
-0.5000	467	654	1354	2089
0.5000	338	1199	1306	2029
0.5000	434	1205	1413	2017
-0.5000	68	777	1429	1919
0.5000	406	1046	1784	2395
0.5000	361	781	1574	2513
-0.5000	265	636	1707	2134
-0.5000	342	857	1738	2226
0.5000	212	1141	1471	2419
-0.5000	246	728	1778	2019
0.5000	561	996	1449	2027
0.5000	468	984	1554	2307
0.5000	362	1086	1797	2297
0.5000	352	1157	1364	1898
0.5000	536	1096	1607	2087
-0.5000	486	703	1422	1891
0.5000	224	938	1482	2506
-0.5000	420	1037	1486	2235
0.5000	147	756	1823	2138
0.5000	609	787	1707	2206
0.5000	129	1048	1864	2005
-0.5000	450	831	1776	2358
0.5000	174	1109	1547	1995
0.5000	623	1088	1773	2337
0.5000	438	979	1374	1911
-0.5000	294	844	1837	2320
-0.5000	481	1124	1515	1950
0.5000	392	1059	1328	2365
0.5000	568	741	1278	2468
-0.5000	313	943	1465	2057
-0.5000	291	1059	1266	2245
0.5000	364	1129	1544	1981
0.5000	183	851	1840	2301
0.5000	204	997	1818	2418
0.5000	128	974	1328	2311
0.5000	457	942	1651	2331
-0.5000	84	781	1757	2178
-0.5000	78	776	1367	2186
-0.5000	444	1206	1821	1970
-0.5000	47	1258	1463	2121
-0.5000	240	646	1693	2503
0.5000	101	633	1616	2045
0.5000	82	883	1571	2261
0.5000	586	800	1383	2175
0.5000	581	836	1404	2225
-0.5000	455	835	1356	2497
-0.5000	601	1193	1590	2324
-0.5000	89	969	1846	1951
0.5000	409	1027	1488	2008
0.5000	368	1226	1620	2331
-0.5000	349	711	1379	1923
-0.5000	292	1224	1343	2476
0.5000	425	1194	1352	2375
0.5000	41	1246	1474	2356
-0.5000	568	1179	1811	2132
-0.5000	391	1078	1481	1923
-0.5000	613	1110	1719	2117
-0.5000	356	964	1833	2401
0.5000	484	1233	1640	1989
-0.5000	128	1085	1654	2337
-0.5000	1	716	1605	2433
0.5000	590	1108	1463	2423
-0.5000	469	918	1365	2327
0.5000	623	726	1861	2298
-0.5000	474	1196	1626	2401
-0.5000	64	971	1843	2087
-0.5000	68	982	1757	2468
0.5000	486	813	1731	2317
-0.5000	317	954	1616	2518
0.5000	523	722	1779	2128
0.5000	46	880	1784	2513
-0.5000	311	719	1795	2416
-0.5000	424	807	1443	2160
-0.5000	5	1096	1636	2290
-0.5000	366	834	1274	2323
-0.5000	463	834	1412	1921
-0.5000	394	704	1705	2197
-0.5000	62	885	1467	2150
0.5000	166	789	1713	1919
0.5000	278	985	1453	2417
0.5000	152	759	1588	2491
-0.5000	48	877	1605	2211
-0.5000	502	1025	1316	2113
-0.5000	371	916	1323	2389
-0.5000	209	1000	1845	2180
0.5000	434	794	1803	2486
-0.5000	74	1094	1466	2292
0.5000	54	1250	1557	2297
-0.5000	482	935	1864	2138
-0.5000	180	948	1660	2355
-0.5000	544	1217	1445	2091
-0.5000	497	759	1597	2002
-0.5000	491	854	1718	2164
-0.5000	395	652	1307	1890
-0.5000	44	648	1745	2377
0.5000	351	869	1430	2490
-0.5000	324	1095	1776	2117
0.5000	349	875	1764	1977
0.5000	403	824	1513	1991
-0.5000	523	753	1801	2437
-0.5000	556	1036	1781	1982
-0.5000	627	771	1442	1936
-0.5000	309	1259	1805	2228
0.5000	155	1048	1481	2296
-0.5000	529	1111	1711	2395
-0.5000	437	843	1855	2409
0.5000	150	987	1438	2274
-0.5000	52	670	1551	2096
-0.5000	601	1050	1825	2228
-0.5000	23	792	1289	2267
0.5000	400	808	1687	2176
-0.5000	415	1179	1706	2271
-0.5000	245	977	1562	1925
0.5000	262	651	1417	2236
-0.5000	286	931	1495	1954
-0.5000	396	806	1737	2012
-0.5000	496	846	1681	2266
-0.5000	271	1041	1583	2095
0.5000	49	949	1790	1918
-0.5000	200	669	1766	1905
-0.5000	592	1216	1652	2187
-0.5000	328	669	1787	2250
-0.5000	554	780	1396	2112
0.5000	502	1013	1672	2311
0.5000	105	795	1623	2319
0.5000	170	1182	1708	2105
0.5000	195	764	1383	2454
-0.5000	610	1047	1811	2495
0.5000	358	830	1345	2092
0.5000	157	678	1724	2020
0.5000	614	1218	1263	1997
0.5000	208	679	1749	2360
-0.5000	358	922	1295	2471
-0.5000	278	934	1569	1982
0.5000	225	814	1625	2385
0.5000	561	926	1851	2039
-0.5000	31	1101	1613	2045
-0.5000	524	1248	1791	2313
-0.5000	324	870	1405	1898
0.5000	348	1045	1264	2493
0.5000	123	1126	1664	2433
-0.5000	348	1013	1377	2391
-0.5000	434	674	1804	2165
0.5000	406	782	1888	2129
-0.5000	226	1155	1395	2068
-0.5000	143	1152	1351	2073
0.5000	579	1180	1723	2325
-0.5000	137	678	1830	2139
-0.5000	91	1088	1519	2412
-0.5000	159	791	1596	2125
0.5000	154	635	1597	2326
-0.5000	347	870	1528	1968
-0.5000	152	1121	1427	2265
0.5000	1	1187	1853	1958
-0.5000	38	815	1271	1935
0.5000	41	1005	1767	2035
-0.5000	464	746	1793	2071
0.5000	500	1213	1524	2157
-0.5000	462	886	1553	2284
-0.5000	97	644	1513	2136
-0.5000	122	664	1763	2063
-0.5000	575	1011	1374	2429
0.5000	564	1206	1454	2416
0.5000	290	963	1575	1917
-0.5000	535	714	1703	2200
0.5000	74	978	1727	2491
-0.5000	474	1038	1421	2217
-0.5000	57	1015	1321	1892
-0.5000	448	787	1289	2448
0.5000	312	905	1803	2104
0.5000	116	1251	1790	2490
-0.5000	526	1063	1371	2292
0.5000	618	1249	1501	2097
0.5000	472	881	1548	2076
-0.5000	570	732	1281	2229
0.5000	47	717	1265	2220
0.5000	529	1192	1415	1928
0.5000	201	1035	1526	2282
-0.5000	188	985	1572	2140
0.5000	40	980	1556	2465
0.5000	600	992	1636	2276
0.5000	301	857	1673	2028
0.5000	127	1233	1778	1945
-0.5000	238	644	1871	2450
-0.5000	235	1054	1297	2033
0.5000	14	1097	1357	2103
0.5000	559	1170	1269	2283
-0.5000	622	1176	1740	2277
0.5000	483	1000	1461	2305
-0.5000	330	685	1498	2181
-0.5000	10	1189	1384	2042
0.5000	206	1215	1552	2303
0.5000	68	668	1391	2442
-0.5000	527	1121	1381	2044
-0.5000	219	941	1347	2368
0.5000	459	1230	1306	2227
0.5000	279	632	1765	2390
-0.5000	101	803	1882	2357
-0.5000	191	646	1762	2075
-0.5000	89	999	1586	1948
-0.5000	456	1162	1468	2081
-0.5000	315	1259	1697	2315
0.5000	53	986	1358	2255
-0.5000	33	930	1635	2370
0.5000	209	1235	1834	2387
-0.5000	349	1161	1374	2438
0.5000	612	997	1768	1902
-0.5000	339	920	1869	1893
0.5000	141	772	1676	2166
0.5000	550	962	1544	2304
0.5000	129	968	1441	2001
-0.5000	518	697	1420	2016
-0.5000	138	914	1760	2021
-0.5000	471	1096	1297	2387
-0.5000	418	704	1294	2023
-0.5000	462	799	1467	2338
0.5000	282	893	1792	2044
-0.5000	425	693	1442	2048
0.5000	191	1259	1764	2062
-0.5000	511	719	1301	2010
-0.5000	519	871	1692	2224
0.5000	217	998	1625	2195
-0.5000	553	680	1285	2329
-0.5000	541	764	1856	2488
-0.5000	146	720	1742	2103
-0.5000	12	706	1847	2049
0.5000	574	864	1709	2480
0.5000	93	811	1421	1930
0.5000	426	710	1413	2136
0.5000	384	895	1507	2215
-0.5000	349	886	1779	2248
0.5000	351	855	1860	2367
0.5000	272	838	1269	2169
0.5000	260	1203	1446	2516
0.5000	319	863	1433	2459
-0.5000	38	776	1454	2272
-0.5000	364	1084	1651	2243
-0.5000	213	643	1749	2008
0.5000	314	850	1652	2340
-0.5000	38	1103	1291	2301
-0.5000	41	1061	1790	2013
-0.5000	587	937	1768	2144
0.5000	198	785	1835	2483
0.5000	216	1043	1712	2393
0.5000	589	966	1861	2068
-0.5000	250	779	1604	2339
-0.5000	404	1206	1554	2411
0.5000	113	756	1392	2261
-0.5000	221	1121	1671	1931
-0.5000	100	1194	1419	2115
0.5000	55	1183	1633	1914
-0.5000	125	639	1361	2467
0.5000	48	1123	1718	1927
0.5000	261	886	1781	2372
-0.5000	580	1097	1743	2019
-0.5000	439	1206	1327	2321
-0.5000	439	797	1781	2013
0.5000	74	993	1708	2135
0.5000	341	1208	1565	2430
-0.5000	66	770	1701	2198
0.5000	577	986	1672	2341
-0.5000	275	794	1488	2234
0.5000	438	635	1419	2323
-0.5000	121	933	1777	2180
0.5000	441	867	1848	1941
-0.5000	152	1033	1646	2131
0.5000	298	1137	1772	2448
